race_id,race_date,venue,race_no,horse_no,gate_no,horse_name,jockey_name,win_odds,race_name,prob_market,prob_market_norm,win_prob,top3_prob,win_ev,anomaly_bias,pure_ability,ability_score,signal
20260419_NAKAYAMA_01,2026-04-19,NAKAYAMA,1,1,1,ストーリーオブラブ,小林脩,15.1,3歳未勝利,0.06622516556291391,0.05334422235028314,0.05334422235028314,0.15763217704508667,0.8054977574892754,1.0,0.08463060875872419,42.86176249235638,様子見
20260419_NAKAYAMA_01,2026-04-19,NAKAYAMA,1,2,2,サツキジュエル,丸田,101.6,3歳未勝利,0.00984251968503937,0.00792812753434326,0.00792812753434326,0.05771676845001894,0.8054977574892752,1.0,0.02286471980904596,35.25953463617853,様子見
20260419_NAKAYAMA_01,2026-04-19,NAKAYAMA,1,3,3,ノーチェ,木幡巧,65.5,3歳未勝利,0.015267175572519083,0.012297675686859164,0.012297675686859164,0.06732977438555392,0.8054977574892752,1.0,0.028807305296467585,35.99095597080874,様子見
20260419_NAKAYAMA_01,2026-04-19,NAKAYAMA,1,4,4,ギンケイ,荻野極,2.1,3歳未勝利,0.47619047619047616,0.3835703607091787,0.3835703607091787,0.884129681434657,0.8054977574892753,0.8,0.42699052554145783,84.99987691866846,様子見
20260419_NAKAYAMA_01,2026-04-19,NAKAYAMA,1,5,5,エナクローム,岩田康,126.3,3歳未勝利,0.007917656373713382,0.006377654453596796,0.006377654453596796,0.05430572767237672,0.8054977574892753,1.0,0.020756076419230773,35.0,様子見
20260419_NAKAYAMA_01,2026-04-19,NAKAYAMA,1,6,5,ナムラハリス,原,28.4,3歳未勝利,0.035211267605633804,0.028362597094692795,0.028362597094692795,0.10267260148278792,0.8054977574892753,1.0,0.05065559841112133,38.68007297941328,様子見
20260419_NAKAYAMA_01,2026-04-19,NAKAYAMA,1,7,6,ワインレッドハート,松岡,32.0,3歳未勝利,0.03125,0.025171804921539854,0.025171804921539854,0.09565285870185145,0.8054977574892753,1.0,0.046316121055633326,38.14596432827704,様子見
20260419_NAKAYAMA_01,2026-04-19,NAKAYAMA,1,8,6,フィニステーレ,岩田望,6.0,3歳未勝利,0.16666666666666666,0.13424962624821254,0.13424962624821254,0.3356240656205314,0.8054977574892752,1.0,0.19466195805990819,56.404567476379086,様子見
20260419_NAKAYAMA_01,2026-04-19,NAKAYAMA,1,9,7,ウォータースパウト,高杉,18.7,3歳未勝利,0.053475935828877004,0.04307474638980082,0.04307474638980082,0.13503932993202558,0.8054977574892753,1.0,0.07066412145246825,41.1427486376529,様子見
20260419_NAKAYAMA_01,2026-04-19,NAKAYAMA,1,10,7,トランセンコ,小崎,120.8,3歳未勝利,0.008278145695364239,0.006668027793785392,0.006668027793785392,0.054944549020791635,0.8054977574892754,1.0,0.021150984161887265,35.04860577080481,様子見
20260419_NAKAYAMA_01,2026-04-19,NAKAYAMA,1,11,8,マーゴットガイア,西村淳,2.9,3歳未勝利,0.3448275862068966,0.27775784741009496,0.27775784741009496,0.6513421521766727,0.8054977574892753,0.8,0.31186651107205465,70.83025992461275,様子見
20260419_NAKAYAMA_01,2026-04-19,NAKAYAMA,1,12,8,タートルインメイ,嶋田,38.0,3歳未勝利,0.02631578947368421,0.021197309407612507,0.021197309407612507,0.08690896857121128,0.8054977574892753,1.0,0.04091080715669214,37.48067109615996,様子見
20260419_NAKAYAMA_02,2026-04-19,NAKAYAMA,2,1,1,ニシノヤングキング,原田和,26.9,3歳未勝利,0.03717472118959108,0.02982374404649596,0.02982374404649596,0.10572517264482817,0.8022587148507413,1.0,0.05259417262599562,41.59661222635491,様子見
20260419_NAKAYAMA_02,2026-04-19,NAKAYAMA,2,2,1,ハタノグランクリュ,柴田大,23.9,3歳未勝利,0.041841004184100423,0.0335673102448009,0.0335673102448009,0.11396101828109904,0.8022587148507414,1.0,0.057685422655690335,42.54824550602889,様子見
20260419_NAKAYAMA_02,2026-04-19,NAKAYAMA,2,3,2,セイカユウヒ,丸田,17.4,3歳未勝利,0.0574712643678161,0.046106822692571346,0.046106822692571346,0.14154794566619405,0.8022587148507414,1.0,0.07473915958465815,45.73585238248475,様子見
20260419_NAKAYAMA_02,2026-04-19,NAKAYAMA,2,4,2,カウガールハット,★谷原,36.3,3歳未勝利,0.027548209366391185,0.022100791042720145,0.022100791042720145,0.0887346760365214,0.8022587148507412,1.0,0.04209095654086052,39.63339888740582,様子見
20260419_NAKAYAMA_02,2026-04-19,NAKAYAMA,2,5,3,ステキサプライズ,原,54.6,3歳未勝利,0.018315018315018316,0.014693383055874384,0.014693383055874384,0.07243837846546071,0.8022587148507414,1.0,0.03201688167875028,37.750398672371,様子見
20260419_NAKAYAMA_02,2026-04-19,NAKAYAMA,2,6,3,カンノンミッキー,木幡巧,4.0,3歳未勝利,0.25,0.20056467871268532,0.20056467871268532,0.48135522891044485,0.8022587148507413,1.0,0.2848018437720132,84.9998130845521,様子見
20260419_NAKAYAMA_02,2026-04-19,NAKAYAMA,2,7,4,ダイユウレゾナンス,小崎,115.6,3歳未勝利,0.00865051903114187,0.006939954280715755,0.006939954280715755,0.055380835160111726,0.8022587148507413,1.0,0.021472218544534547,35.77943823967884,様子見
20260419_NAKAYAMA_02,2026-04-19,NAKAYAMA,2,8,4,ピュアクローム,吉田豊,33.8,3歳未勝利,0.02958579881656805,0.023735464936412466,0.023735464936412466,0.0923309586026445,0.8022587148507413,1.0,0.04431411303628208,40.04894117950051,様子見
20260419_NAKAYAMA_02,2026-04-19,NAKAYAMA,2,9,5,ショコラキュイ,戸崎圭,7.6,3歳未勝利,0.13157894736842105,0.10556035721720279,0.10556035721720279,0.27234572162038323,0.8022587148507412,1.0,0.1555959665381569,60.84923867000478,様子見
20260419_NAKAYAMA_02,2026-04-19,NAKAYAMA,2,10,5,ディーズメンフィス,横山和,9.0,3歳未勝利,0.1111111111111111,0.08913985720563791,0.08913985720563791,0.2362206215949405,0.8022587148507412,1.0,0.1332640865224287,56.67506531440401,様子見
20260419_NAKAYAMA_02,2026-04-19,NAKAYAMA,2,11,6,モロノラピド,三浦,73.9,3歳未勝利,0.013531799729364004,0.010856004260497175,0.010856004260497175,0.06399614511563086,0.8022587148507413,1.0,0.026798046517037277,36.77491776060037,様子見
20260419_NAKAYAMA_02,2026-04-19,NAKAYAMA,2,12,6,フルールサシェ,ディー,4.9,3歳未勝利,0.2040816326530612,0.16372626833688597,0.16372626833688597,0.40031072608368623,0.8022587148507413,1.0,0.23470160566092602,75.63530463809496,様子見
20260419_NAKAYAMA_02,2026-04-19,NAKAYAMA,2,13,7,ソニックブレイカー,横山武,4.4,3歳未勝利,0.22727272727272727,0.1823315261024412,0.1823315261024412,0.44124229316790775,0.8022587148507413,1.0,0.2600047562220812,80.36485435852788,様子見
20260419_NAKAYAMA_02,2026-04-19,NAKAYAMA,2,14,7,エリンフレーム,石橋脩,16.5,3歳未勝利,0.06060606060606061,0.04862174029398432,0.04862174029398432,0.1470807643893026,0.8022587148507413,1.0,0.0781594475225798,46.37515703435015,様子見
20260419_NAKAYAMA_02,2026-04-19,NAKAYAMA,2,15,8,ベルテオドーラ,嶋田,207.1,3歳未勝利,0.004828585224529213,0.0038737745767780845,0.0038737745767780845,0.04863523981144885,0.8022587148507413,1.0,0.017302214147179314,35.0,様子見
20260419_NAKAYAMA_02,2026-04-19,NAKAYAMA,2,16,8,ケイベエ,松岡,43.7,3歳未勝利,0.02288329519450801,0.01835832299429614,0.01835832299429614,0.08050124632998856,0.8022587148507413,1.0,0.03700119999500386,38.68204476293236,様子見
20260419_NAKAYAMA_03,2026-04-19,NAKAYAMA,3,1,1,パワポゲグッド,小林凌,95.3,3歳未勝利,0.010493179433368312,0.008416008278142774,0.008416008278142774,0.058617497657264414,0.8020455889070063,1.0,0.023476455091879265,36.5459741144222,様子見
20260419_NAKAYAMA_03,2026-04-19,NAKAYAMA,3,2,2,ガーディアンテイル,岩田康,6.6,3歳未勝利,0.15151515151515152,0.12152205892530397,0.12152205892530397,0.30745080908101907,0.8020455889070062,1.0,0.17730068397201848,65.82097142651648,様子見
20260419_NAKAYAMA_03,2026-04-19,NAKAYAMA,3,3,3,チェストー,団野,41.8,3歳未勝利,0.023923444976076555,0.01918769351452168,0.01918769351452168,0.08231520517729801,0.8020455889070062,1.0,0.03812594701335458,39.333986378464886,様子見
20260419_NAKAYAMA_03,2026-04-19,NAKAYAMA,3,4,4,ブルースパーダ,原,65.8,3歳未勝利,0.015197568389057751,0.012189142688556327,0.012189142688556327,0.06691839336017423,0.8020455889070063,1.0,0.028607917890041697,37.52256642837017,様子見
20260419_NAKAYAMA_03,2026-04-19,NAKAYAMA,3,5,4,マテンロウアワー,川田,3.5,3歳未勝利,0.2857142857142857,0.2291558825448589,0.2291558825448589,0.5442452210440399,0.8020455889070062,0.8,0.2589461472756906,81.35929550043157,様子見
20260419_NAKAYAMA_03,2026-04-19,NAKAYAMA,3,6,5,ウインガネーシャ,木幡巧,67.5,3歳未勝利,0.014814814814814815,0.011882156872696389,0.011882156872696389,0.06624302456528237,0.8020455889070063,1.0,0.02819041718047218,37.44310994586787,様子見
20260419_NAKAYAMA_03,2026-04-19,NAKAYAMA,3,7,5,アレステソーロ,柴田大,70.0,3歳未勝利,0.014285714285714285,0.011457794127242946,0.011457794127242946,0.06530942652528479,0.8020455889070062,1.0,0.027613283846655498,37.33327304358527,様子見
20260419_NAKAYAMA_03,2026-04-19,NAKAYAMA,3,8,6,アンシュウマト,三浦,4.1,3歳未勝利,0.24390243902439027,0.19562087534317227,0.19562087534317227,0.47046820520032934,0.8020455889070063,1.0,0.2780750743003194,84.9998096853953,様子見
20260419_NAKAYAMA_03,2026-04-19,NAKAYAMA,3,9,6,トップデュオ,荻野極,11.5,3歳未勝利,0.08695652173913043,0.06974309468756576,0.06974309468756576,0.193537087757995,0.8020455889070063,1.0,0.10688129260869453,52.419132796225156,様子見
20260419_NAKAYAMA_03,2026-04-19,NAKAYAMA,3,10,7,アオイミズホ,岩田望,6.2,3歳未勝利,0.16129032258064516,0.12936219175919456,0.12936219175919456,0.3246991013155784,0.8020455889070063,1.0,0.18796326462610968,67.85021624874624,様子見
20260419_NAKAYAMA_03,2026-04-19,NAKAYAMA,3,11,7,カミノテイオー,小林脩,328.3,3歳未勝利,0.003045994517209869,0.0024430264663631014,0.0024430264663631014,0.04547693767134913,0.8020455889070062,1.0,0.01535319982785891,35.0,様子見
20260419_NAKAYAMA_03,2026-04-19,NAKAYAMA,3,12,8,ジューンセクレタ,横山武,4.7,3歳未勝利,0.2127659574468085,0.17064799763978855,0.17064799763978855,0.4155278742528851,0.8020455889070062,1.0,0.2441119606237175,78.53613313176464,様子見
20260419_NAKAYAMA_03,2026-04-19,NAKAYAMA,3,13,8,ニシノカーロ,原田和,109.5,3歳未勝利,0.0091324200913242,0.007324617250292294,0.007324617250292294,0.05621643739599336,0.8020455889070062,1.0,0.021992163294002613,36.263491707654794,様子見
20260419_NAKAYAMA_03,2026-04-19,NAKAYAMA,3,14,8,キョウエイシュバル,丸田,72.6,3歳未勝利,0.013774104683195593,0.011047459902300362,0.011047459902300362,0.06440669123041111,0.8020455889070062,1.0,0.027055229300733584,37.22706711327896,様子見
20260419_NAKAYAMA_04,2026-04-19,NAKAYAMA,4,1,1,アリストクラット,木幡初,421.9,3歳未勝利,0.002370229912301493,0.0018969048541341083,0.0018969048541341083,0.04418839857705405,0.8003041579591803,1.0,0.01458435297101009,35.0,様子見
20260419_NAKAYAMA_04,2026-04-19,NAKAYAMA,4,2,1,ケナゲ,柴田大,232.3,3歳未勝利,0.004304778303917348,0.0034451319757175217,0.0034451319757175217,0.04759449824453757,0.8003041579591803,1.0,0.016689941856363535,35.25699596788723,様子見
20260419_NAKAYAMA_04,2026-04-19,NAKAYAMA,4,3,2,ホープフルワールド,原,27.1,3歳未勝利,0.03690036900369004,0.029531518743881192,0.029531518743881192,0.10498454913449765,0.8003041579591803,1.0,0.052167427861066124,39.58717215631908,様子見
20260419_NAKAYAMA_04,2026-04-19,NAKAYAMA,4,4,2,アッシズオブローズ,岩田望,15.3,3歳未勝利,0.06535947712418301,0.05230746130452159,0.05230746130452159,0.15509162276790653,0.8003041579591803,1.0,0.08314270974353707,43.36783542032998,様子見
20260419_NAKAYAMA_04,2026-04-19,NAKAYAMA,4,5,3,インドミタビリティ,西村淳,3.1,3歳未勝利,0.3225806451612903,0.25816263159973557,0.25816263159973557,0.6079729974173773,0.8003041579591803,0.8,0.2904845930760224,68.67478321116089,様子見
20260419_NAKAYAMA_04,2026-04-19,NAKAYAMA,4,6,3,ルールオーヴァー,丸田,40.3,3歳未勝利,0.02481389578163772,0.01985866396921043,0.01985866396921043,0.08370426863022196,0.8003041579591802,1.0,0.039012345367513884,37.98153908065848,様子見
20260419_NAKAYAMA_04,2026-04-19,NAKAYAMA,4,7,4,タケショウカイザー,岩田康,42.1,3歳未勝利,0.023752969121140142,0.019009599951524472,0.019009599951524472,0.08183632779131285,0.8003041579591803,1.0,0.03785761830346099,37.840599792112585,様子見
20260419_NAKAYAMA_04,2026-04-19,NAKAYAMA,4,8,4,ウェイクフィールド,横山和,12.4,3歳未勝利,0.08064516129032258,0.06454065789993389,0.06454065789993389,0.1820046552778136,0.8003041579591803,1.0,0.0997798571132978,45.39846914038614,様子見
20260419_NAKAYAMA_04,2026-04-19,NAKAYAMA,4,9,5,ミナヅキ,石橋脩,5.3,3歳未勝利,0.18867924528301888,0.15100078452060006,0.15100078452060006,0.3722169338432792,0.8003041579591803,1.0,0.21736562931740377,59.75030655155729,様子見
20260419_NAKAYAMA_04,2026-04-19,NAKAYAMA,4,10,5,レッドレガリア,ルメール,2.1,3歳未勝利,0.47619047619047616,0.3810972180758001,0.3810972180758001,0.8784290876647193,0.8003041579591803,0.8,0.4242374231619806,84.99987794579954,様子見
20260419_NAKAYAMA_04,2026-04-19,NAKAYAMA,4,11,6,モメンタムシフト,菅原隆,242.4,3歳未勝利,0.004125412541254125,0.0033015848100626244,0.0033015848100626244,0.047278694480096785,0.8003041579591802,1.0,0.016494717711072873,35.23316804092441,様子見
20260419_NAKAYAMA_04,2026-04-19,NAKAYAMA,4,12,6,デルマノリクラ,木幡巧,363.7,3歳未勝利,0.0027495188342040143,0.0022004513554005505,0.0022004513554005505,0.04485620087984022,0.8003041579591802,1.0,0.01499717621273245,35.05038681069737,様子見
20260419_NAKAYAMA_04,2026-04-19,NAKAYAMA,4,13,7,ヒコボシ,ディー,252.7,3歳未勝利,0.003957261574990107,0.003167012892596677,0.003167012892596677,0.046982636261671706,0.8003041579591802,1.0,0.016311699903319186,35.21082994873014,様子見
20260419_NAKAYAMA_04,2026-04-19,NAKAYAMA,4,14,7,ダイビングキャッチ,団野,394.8,3歳未勝利,0.0025329280648429585,0.00202711286210532,0.00202711286210532,0.044474856194590726,0.8003041579591804,1.0,0.014761435861850941,35.021613710655714,様子見
20260419_NAKAYAMA_04,2026-04-19,NAKAYAMA,4,15,8,ローレルクラウン,小崎,315.3,3歳未勝利,0.003171582619727244,0.002538230757878783,0.002538230757878783,0.045599315565292335,0.8003041579591803,1.0,0.015456556200102847,35.106456067760554,様子見
20260419_NAKAYAMA_04,2026-04-19,NAKAYAMA,4,16,8,レディトゥアタック,高杉,135.3,3歳未勝利,0.007390983000739097,0.005915034426897119,0.005915034426897119,0.05302828363713267,0.8003041579591802,1.0,0.020049009189967784,35.66698424556238,様子見
20260419_NAKAYAMA_05,2026-04-19,NAKAYAMA,5,1,1,マイネルモメンタム,松岡,15.1,3歳未勝利,0.06622516556291391,0.05993064047410964,0.05993064047410964,0.17709504260099398,0.9049526711590555,1.0,0.09507996111217494,39.09472804010819,様子見
20260419_NAKAYAMA_05,2026-04-19,NAKAYAMA,5,2,2,ニシノフィアンス,内田博,10.6,3歳未勝利,0.09433962264150944,0.08537289350557128,0.08537289350557128,0.23306799927020963,0.9049526711590555,1.0,0.1296814252349628,42.38623656849704,様子見
20260419_NAKAYAMA_05,2026-04-19,NAKAYAMA,5,3,3,コスモレオナルド,丹内,6.5,3歳未勝利,0.15384615384615385,0.13922348787062394,0.13922348787062394,0.3515393068733255,0.9049526711590556,1.0,0.2029182335714344,49.35298162807153,様子見
20260419_NAKAYAMA_05,2026-04-19,NAKAYAMA,5,4,4,リュウノハイドラ,木幡巧,2.1,3歳未勝利,0.47619047619047616,0.43092984340907403,0.43092984340907403,0.92,0.9049526711590555,1.0,0.5776508903863518,84.99990487372105,様子見
20260419_NAKAYAMA_05,2026-04-19,NAKAYAMA,5,5,5,エコロレイズ,菅原隆,12.3,3歳未勝利,0.08130081300813008,0.0735733878991102,0.0735733878991102,0.20710908693599525,0.9049526711590556,1.0,0.11363409761017572,40.85971400438246,様子見
20260419_NAKAYAMA_05,2026-04-19,NAKAYAMA,5,6,6,アオイミズホ,岩田望,28.4,3歳未勝利,0.035211267605633804,0.03186453067461463,0.03186453067461463,0.11534960104210497,0.9049526711590554,1.0,0.05691005178486173,35.463766597758735,様子見
20260419_NAKAYAMA_05,2026-04-19,NAKAYAMA,5,7,7,キョウエイシュバル,丸田,32.0,3歳未勝利,0.03125,0.028279770973720485,0.028279770973720485,0.10746312970013785,0.9049526711590555,1.0,0.052034778591645695,35.0,様子見
20260419_NAKAYAMA_05,2026-04-19,NAKAYAMA,5,8,8,アンシュウマト,三浦,6.0,3歳未勝利,0.16666666666666666,0.1508254451931759,0.1508254451931759,0.3770636129829397,0.9049526711590554,1.0,0.21869689553010502,50.85394702708554,様子見
20260419_NAKAYAMA_06,2026-04-19,NAKAYAMA,6,1,1,ショウナンパトス,岩田望,8.0,3歳1勝クラス,0.125,0.10049514249133638,0.10049514249133638,0.26128737047747463,0.8039611399306911,1.0,0.14873281088717785,49.90123362711273,様子見
20260419_NAKAYAMA_06,2026-04-19,NAKAYAMA,6,2,2,ピュアエンブレム,岩田康,29.2,3歳1勝クラス,0.03424657534246575,0.027532915751051063,0.027532915751051063,0.1007704716488469,0.8039611399306911,1.0,0.04950418252038981,37.34806821916784,様子見
20260419_NAKAYAMA_06,2026-04-19,NAKAYAMA,6,3,3,イナズマダイモン,ルメール,2.1,3歳1勝クラス,0.47619047619047616,0.38283863806223384,0.38283863806223384,0.882443060733449,0.8039611399306911,0.8,0.42617597189087864,84.99987349250299,様子見
20260419_NAKAYAMA_06,2026-04-19,NAKAYAMA,6,4,4,イッテラッシャイ,戸崎圭,2.1,3歳1勝クラス,0.47619047619047616,0.38283863806223384,0.38283863806223384,0.882443060733449,0.8039611399306911,0.8,0.42617597189087864,84.99987349250299,様子見
20260419_NAKAYAMA_06,2026-04-19,NAKAYAMA,6,5,5,ルーナディサングエ,菅原隆,57.9,3歳1勝クラス,0.017271157167530225,0.013885339204329725,0.013885339204329725,0.07074580324605996,0.8039611399306911,1.0,0.030943478416848795,35.0,様子見
20260419_NAKAYAMA_06,2026-04-19,NAKAYAMA,6,6,6,ファイタージェット,津村,8.7,3歳1勝クラス,0.1149425287356322,0.09240932642881508,0.09240932642881508,0.24349857513992776,0.8039611399306912,1.0,0.1377361010421489,48.51006738910366,様子見
20260419_NAKAYAMA_07,2026-04-19,NAKAYAMA,7,1,1,サイモンプレジール,丸田,196.6,4歳以上1勝クラス,0.00508646998982706,0.004084463531971365,0.004084463531971365,0.04913609628961553,0.8030055303855704,1.0,0.017599953359264613,35.0,様子見
20260419_NAKAYAMA_07,2026-04-19,NAKAYAMA,7,2,1,アツキヤマト,小林凌,3.9,4歳以上1勝クラス,0.25641025641025644,0.20589885394501808,0.20589885394501808,0.4931277551983183,0.8030055303855705,0.8,0.23365401945680653,65.33902311438713,様子見
20260419_NAKAYAMA_07,2026-04-19,NAKAYAMA,7,3,2,アースミューズ,松岡,11.2,4歳以上1勝クラス,0.08928571428571429,0.0716969223558545,0.0716969223558545,0.19788350570215843,0.8030055303855703,1.0,0.10955289735974567,47.91233506434935,様子見
20260419_NAKAYAMA_07,2026-04-19,NAKAYAMA,7,4,3,チェルシー,原,22.2,4歳以上1勝クラス,0.04504504504504505,0.03617142028763831,0.03617142028763831,0.11972740115208282,0.8030055303855705,1.0,0.06123821454697166,41.12782827353866,様子見
20260419_NAKAYAMA_07,2026-04-19,NAKAYAMA,7,5,4,リッチハンター,木幡初,44.3,4歳以上1勝クラス,0.022573363431151242,0.018126535674617843,0.018126535674617843,0.08002865500343778,0.8030055303855704,1.0,0.036697171473263825,37.68169422703453,様子見
20260419_NAKAYAMA_07,2026-04-19,NAKAYAMA,7,6,4,エフエイト,横山武,8.8,4歳以上1勝クラス,0.11363636363636363,0.09125062845290573,0.09125062845290573,0.24090165911567113,0.8030055303855704,1.0,0.13614593765173533,51.64661731449803,様子見
20260419_NAKAYAMA_07,2026-04-19,NAKAYAMA,7,7,5,リッキースタイル,荻野極,2.4,4歳以上1勝クラス,0.4166666666666667,0.33458563766065436,0.33458563766065436,0.7762386793727182,0.8030055303855704,0.8,0.37366524013941876,84.99985957670845,様子見
20260419_NAKAYAMA_07,2026-04-19,NAKAYAMA,7,8,5,スマートフランキー,吉田豊,39.0,4歳以上1勝クラス,0.02564102564102564,0.020589885394501805,0.020589885394501805,0.08544802438718249,0.8030055303855704,1.0,0.04004732709230601,38.152134106268406,様子見
20260419_NAKAYAMA_07,2026-04-19,NAKAYAMA,7,9,6,カサブランカキッド,岩田康,25.1,4歳以上1勝クラス,0.0398406374501992,0.031992252206596426,0.031992252206596426,0.11053323137379066,0.8030055303855703,1.0,0.05555454595675469,40.32970882201555,様子見
20260419_NAKAYAMA_07,2026-04-19,NAKAYAMA,7,10,6,ブリッツアロング,木幡巧,35.7,4歳以上1勝クラス,0.028011204481792715,0.022493152111640626,0.022493152111640626,0.0896352111648879,0.8030055303855704,1.0,0.04263576982761481,38.51561175515165,様子見
20260419_NAKAYAMA_07,2026-04-19,NAKAYAMA,7,11,7,プルシャプラ,三浦,31.7,4歳以上1勝クラス,0.031545741324921134,0.025331404744024302,0.025331404744024302,0.09587936695613199,0.8030055303855703,1.0,0.04649579340765661,39.05764897172547,様子見
20260419_NAKAYAMA_07,2026-04-19,NAKAYAMA,7,12,8,トウタツ,佐々木,7.6,4歳以上1勝クラス,0.13157894736842105,0.105658622419154,0.105658622419154,0.2725992458414173,0.8030055303855703,1.0,0.155740809445833,54.39819370934444,様子見
20260419_NAKAYAMA_07,2026-04-19,NAKAYAMA,7,13,8,サヨノジャンボリー,高杉,25.0,4歳以上1勝クラス,0.04,0.032120221215422816,0.032120221215422816,0.11081476319320872,0.8030055303855704,1.0,0.055728583808758586,40.35414779004839,様子見
20260419_NAKAYAMA_08,2026-04-19,NAKAYAMA,8,1,1,パースウェイド,ルメール,4.7,利根川特別,0.2127659574468085,0.17014191713116,0.17014191713116,0.41429556821437463,0.7996670105164521,1.0,0.24338801245612438,80.47511184348964,様子見
20260419_NAKAYAMA_08,2026-04-19,NAKAYAMA,8,2,2,ピコシー,岩田康,10.0,利根川特別,0.1,0.07996670105164522,0.07996670105164522,0.2159100928394421,0.7996670105164522,1.0,0.12074971858798428,55.368169437761054,様子見
20260419_NAKAYAMA_08,2026-04-19,NAKAYAMA,8,3,3,ケイアイアルタイル,松山,22.0,利根川特別,0.045454545454545456,0.03634850047802055,0.03634850047802055,0.11995005157746784,0.7996670105164522,1.0,0.06142896580785474,43.22381650737432,様子見
20260419_NAKAYAMA_08,2026-04-19,NAKAYAMA,8,4,4,ドゥマーヴェリック,坂井,5.2,利根川特別,0.1923076923076923,0.15378211740701,0.15378211740701,0.3783040088212446,0.7996670105164521,1.0,0.22113868483128035,75.92015131995399,様子見
20260419_NAKAYAMA_08,2026-04-19,NAKAYAMA,8,5,5,フェスタリア,原,21.7,利根川特別,0.04608294930875576,0.03685101430951392,0.03685101430951392,0.12105558200675325,0.7996670105164521,1.0,0.06211238461868572,43.36372840749399,様子見
20260419_NAKAYAMA_08,2026-04-19,NAKAYAMA,8,6,5,タイヨウフレア,佐々木,85.0,利根川特別,0.011764705882352941,0.009407847182546494,0.009407847182546494,0.06068061432742489,0.799667010516452,1.0,0.02478967732601001,35.72289263860604,様子見
20260419_NAKAYAMA_08,2026-04-19,NAKAYAMA,8,7,6,ロードブレイズ,横山和,29.1,利根川特別,0.034364261168384876,0.027479965997128934,0.027479965997128934,0.10043927571950625,0.7996670105164521,1.0,0.049367758913842125,40.75460385543429,様子見
20260419_NAKAYAMA_08,2026-04-19,NAKAYAMA,8,8,6,メイショウジェンマ,団野,117.4,利根川特別,0.008517887563884156,0.006811473684126508,0.006811473684126508,0.054968592630900925,0.7996670105164521,1.0,0.021258609368158835,35.0,様子見
20260419_NAKAYAMA_08,2026-04-19,NAKAYAMA,8,9,7,サノノワンダー,戸崎圭,3.4,利根川特別,0.29411764705882354,0.23519617956366237,0.23519617956366237,0.5574149455658799,0.7996670105164521,0.8,0.26548944749146214,84.99979527648654,様子見
20260419_NAKAYAMA_08,2026-04-19,NAKAYAMA,8,10,7,リラゲイル,荻野極,20.8,利根川特別,0.04807692307692307,0.0384455293517525,0.0384455293517525,0.12456351509967811,0.7996670105164521,1.0,0.06428092507613017,43.807679629027525,様子見
20260419_NAKAYAMA_08,2026-04-19,NAKAYAMA,8,11,8,エーオーキング,西村淳,40.8,利根川特別,0.02450980392156863,0.0195996816303052,0.0195996816303052,0.08310265011249406,0.7996670105164522,1.0,0.03865057217496186,38.560543731817326,様子見
20260419_NAKAYAMA_08,2026-04-19,NAKAYAMA,8,12,8,ドゥラエテルノ,武豊,4.3,利根川特別,0.23255813953488372,0.1859690722131284,0.1859690722131284,0.44911530939470506,0.7996670105164521,1.0,0.2649129433676014,84.88177132672416,様子見
20260419_NAKAYAMA_09,2026-04-19,NAKAYAMA,9,1,1,エリーナストーム,三浦,6.3,野島崎特別,0.15873015873015872,0.12664829862124918,0.12664829862124918,0.3185204710324417,0.7978842813138698,1.0,0.1842099503446069,57.276263207264826,様子見
20260419_NAKAYAMA_09,2026-04-19,NAKAYAMA,9,2,1,ボウウィンドウ,ルメール,2.3,野島崎特別,0.4347826086956522,0.3469062092669,0.3469062092669,0.8030878744528737,0.79788428131387,0.8,0.3870085670581537,84.99986329492509,様子見
20260419_NAKAYAMA_09,2026-04-19,NAKAYAMA,9,3,2,ホウオウシンデレラ,丸田,27.4,野島崎特別,0.03649635036496351,0.0291198642815281,0.0291198642815281,0.10395791548505533,0.7978842813138699,1.0,0.05157127964258627,39.14388379416577,様子見
20260419_NAKAYAMA_09,2026-04-19,NAKAYAMA,9,4,2,レッセパッセ,津村,101.6,野島崎特別,0.00984251968503937,0.007853191745215255,0.007853191745215255,0.05717123590516706,0.7978842813138698,1.0,0.022648604993200795,35.19000738988204,様子見
20260419_NAKAYAMA_09,2026-04-19,NAKAYAMA,9,5,3,ヴォラクテ,荻野極,26.2,野島崎特別,0.03816793893129771,0.030453598523430152,0.030453598523430152,0.10689213081723983,0.7978842813138699,1.0,0.05338515821157305,39.391850199800565,様子見
20260419_NAKAYAMA_09,2026-04-19,NAKAYAMA,9,6,3,エリム,原田和,116.8,野島崎特別,0.008561643835616438,0.0068312010386461465,0.0068312010386461465,0.05492285635071501,0.7978842813138699,1.0,0.021258697632266805,35.0,様子見
20260419_NAKAYAMA_09,2026-04-19,NAKAYAMA,9,7,4,ジャンビ,石橋脩,66.0,野島崎特別,0.015151515151515152,0.012089155777482877,0.012089155777482877,0.06649035677615582,0.7978842813138699,1.0,0.028409516077084758,35.97755317110284,様子見
20260419_NAKAYAMA_09,2026-04-19,NAKAYAMA,9,8,4,ラブリージャブリー,レーン,3.2,野島崎特別,0.3125,0.24933883791058434,0.24933883791058434,0.5884396574689791,0.7978842813138699,0.8,0.2808552670224822,70.4881684625521,様子見
20260419_NAKAYAMA_09,2026-04-19,NAKAYAMA,9,9,5,ビターグラッセ,岩田康,24.8,野島崎特別,0.04032258064516129,0.03217275327878508,0.03217275327878508,0.11067427127902067,0.7978842813138699,1.0,0.05572320867885575,39.711473564052945,様子見
20260419_NAKAYAMA_09,2026-04-19,NAKAYAMA,9,10,5,ファミリーツリー,坂井,54.1,野島崎特別,0.018484288354898334,0.014748323129646392,0.014748323129646392,0.07234052495091556,0.7978842813138698,1.0,0.032025983676027145,36.471942645093584,様子見
20260419_NAKAYAMA_09,2026-04-19,NAKAYAMA,9,11,6,イトカワサクラ,西村淳,8.1,野島崎特別,0.1234567901234568,0.0985042322609716,0.0985042322609716,0.256603525039831,0.7978842813138699,1.0,0.1459340200946294,52.043749295533246,様子見
20260419_NAKAYAMA_09,2026-04-19,NAKAYAMA,9,12,6,エンジェルマーク,岩田望,17.6,野島崎特別,0.056818181818181816,0.04533433416556079,0.04533433416556079,0.13962974922992724,0.79788428131387,1.0,0.07362295868487073,42.15846022933579,様子見
20260419_NAKAYAMA_10,2026-04-19,NAKAYAMA,10,1,1,ポッドベイダー,荻野極,5.2,京葉S,0.1923076923076923,0.15362101184065455,0.15362101184065455,0.3779076891280102,0.7988292615714037,1.0,0.22090701502686122,83.99641551078176,様子見
20260419_NAKAYAMA_10,2026-04-19,NAKAYAMA,10,2,1,エコロエイト,武豊,5.3,京葉S,0.18867924528301888,0.15072250218328373,0.15072250218328373,0.37153096788179446,0.7988292615714038,1.0,0.21696504189283694,83.03093781445236,様子見
20260419_NAKAYAMA_10,2026-04-19,NAKAYAMA,10,3,2,ムーヴ,坂井,12.5,京葉S,0.08,0.06390634092571229,0.06390634092571229,0.18053541311513724,0.7988292615714037,1.0,0.09889506258253977,54.11294985399424,様子見
20260419_NAKAYAMA_10,2026-04-19,NAKAYAMA,10,4,2,ジュンウィンダム,原,122.4,京葉S,0.008169934640522876,0.00652638285597552,0.00652638285597552,0.05429950536171633,0.7988292615714038,1.0,0.020858319607697764,35.0,様子見
20260419_NAKAYAMA_10,2026-04-19,NAKAYAMA,10,5,3,エスカル,横山和,19.3,京葉S,0.05181347150259067,0.041390117179865474,0.041390117179865474,0.13099972087427422,0.7988292615714037,1.0,0.06827299828818809,46.61291900990305,様子見
20260419_NAKAYAMA_10,2026-04-19,NAKAYAMA,10,6,4,ワールズコライド,佐々木,46.8,京葉S,0.021367521367521368,0.017069001315628284,0.017069001315628284,0.0774932659729524,0.7988292615714037,1.0,0.03519628071282552,38.51168848370791,様子見
20260419_NAKAYAMA_10,2026-04-19,NAKAYAMA,10,7,4,コンクイスタ,松山,5.1,京葉S,0.19607843137254904,0.15663318854341252,0.15663318854341252,0.38453447787407774,0.7988292615714038,1.0,0.22500357534261206,84.99975507755545,様子見
20260419_NAKAYAMA_10,2026-04-19,NAKAYAMA,10,8,5,トリリオンボーイ,岩田康,14.5,京葉S,0.06896551724137931,0.05509167321182094,0.05509167321182094,0.16114314414457628,0.7988292615714037,1.0,0.08690711449164754,51.17683230245347,様子見
20260419_NAKAYAMA_10,2026-04-19,NAKAYAMA,10,9,5,スリーピース,高杉,16.4,京葉S,0.06097560975609757,0.048709101315329496,0.048709101315329496,0.14710148597229508,0.7988292615714037,1.0,0.07822681671241917,49.05083255095673,様子見
20260419_NAKAYAMA_10,2026-04-19,NAKAYAMA,10,10,6,エティエンヌ,西村淳,70.9,京葉S,0.014104372355430182,0.011266985353616412,0.011266985353616412,0.0647288308565263,0.7988292615714037,1.0,0.027305539004489378,36.57906873520213,様子見
20260419_NAKAYAMA_10,2026-04-19,NAKAYAMA,10,11,6,モンドプリューム,三浦,6.7,京葉S,0.14925373134328357,0.11922824799573188,0.11922824799573188,0.3022436086691803,0.7988292615714037,1.0,0.17413285619776642,72.54037418866427,様子見
20260419_NAKAYAMA_10,2026-04-19,NAKAYAMA,10,12,7,ナムラフランク,岩田望,25.3,京葉S,0.039525691699604744,0.03157427911349422,0.03157427911349422,0.10940487712825747,0.7988292615714038,1.0,0.054923458517923185,43.34331709577356,様子見
20260419_NAKAYAMA_10,2026-04-19,NAKAYAMA,10,13,7,マニバドラ,団野,17.4,京葉S,0.0574712643678161,0.04590972767651746,0.04590972767651746,0.1409428639669086,0.7988292615714037,1.0,0.0744196685636348,48.118376519598506,様子見
20260419_NAKAYAMA_10,2026-04-19,NAKAYAMA,10,14,8,スマートフォルス,レーン,12.2,京葉S,0.0819672131147541,0.0654778083255249,0.0654778083255249,0.18399264139472496,0.7988292615714037,1.0,0.10103225824628491,54.63639704043696,様子見
20260419_NAKAYAMA_10,2026-04-19,NAKAYAMA,10,15,8,カズゴルティス,津村,24.3,京葉S,0.0411522633744856,0.03287363216343225,0.03287363216343225,0.11226345383812113,0.7988292615714037,1.0,0.05669057866583891,43.77612448221183,様子見
20260419_NAKAYAMA_11,2026-04-19,NAKAYAMA,11,1,1,カヴァレリッツォ,レーン,7.0,皐月賞,0.14285714285714285,0.11317754081566682,0.11317754081566682,0.28860272907995044,0.7922427857096678,1.0,0.1658050972949519,65.18595448424226,様子見
20260419_NAKAYAMA_11,2026-04-19,NAKAYAMA,11,2,1,サウンドムーブ,団野,101.1,皐月賞,0.009891196834817014,0.00783622933441808,0.00783622933441808,0.056851843821203174,0.7922427857096679,1.0,0.022540913680453606,35.81542188356207,様子見
20260419_NAKAYAMA_11,2026-04-19,NAKAYAMA,11,3,2,サノノグレーター,田辺,56.1,皐月賞,0.017825311942959002,0.01412197478983365,0.01412197478983365,0.07068048382311744,0.7922427857096678,1.0,0.03108952749981879,37.56796976076144,様子見
20260419_NAKAYAMA_11,2026-04-19,NAKAYAMA,11,4,2,ロブチェン,松山,4.3,皐月賞,0.23255813953488372,0.1842425083045739,0.1842425083045739,0.44494565755554594,0.7922427857096677,1.0,0.2624534530798655,84.99979499040262,様子見
20260419_NAKAYAMA_11,2026-04-19,NAKAYAMA,11,5,3,アスクエジンバラ,岩田康,39.0,皐月賞,0.02564102564102564,0.02031391758229917,0.02031391758229917,0.08430275796654157,0.7922427857096677,1.0,0.03951056969757189,39.294364231177994,様子見
20260419_NAKAYAMA_11,2026-04-19,NAKAYAMA,11,6,3,フォルテアンジェロ,荻野極,30.3,皐月賞,0.033003300330033,0.02614662659107814,0.02614662659107814,0.09713471778585529,0.7922427857096677,1.0,0.04744305394951128,40.92059963383023,様子見
20260419_NAKAYAMA_11,2026-04-19,NAKAYAMA,11,7,4,ロードフィレール,武豊,57.7,皐月賞,0.01733102253032929,0.013730377568625092,0.013730377568625092,0.0698189699364586,0.7922427857096678,1.0,0.030556955278975145,37.45878734419461,様子見
20260419_NAKAYAMA_11,2026-04-19,NAKAYAMA,11,8,4,マテンロウゲイル,横山和,13.9,皐月賞,0.07194244604316546,0.05699588386400487,0.05699588386400487,0.16500308378629414,0.7922427857096678,1.0,0.08939804384069164,49.52177521918022,様子見
20260419_NAKAYAMA_11,2026-04-19,NAKAYAMA,11,9,5,ライヒスアドラー,佐々木,23.6,皐月賞,0.0423728813559322,0.03356960956396897,0.03356960956396897,0.11346528032621513,0.7922427857096677,1.0,0.05753831079264281,42.990224174610624,様子見
20260419_NAKAYAMA_11,2026-04-19,NAKAYAMA,11,10,5,ラージアンサンブル,高杉,161.3,皐月賞,0.00619962802231866,0.004911610574765454,0.004911610574765454,0.05041768254996739,0.7922427857096678,1.0,0.018563432167326033,35.0,様子見
20260419_NAKAYAMA_11,2026-04-19,NAKAYAMA,11,11,6,パントルナイーフ,ルメール,15.1,皐月賞,0.06622516556291391,0.05246640964964688,0.05246640964964688,0.15503824051470652,0.7922427857096678,1.0,0.08323795890916477,48.2588986875887,様子見
20260419_NAKAYAMA_11,2026-04-19,NAKAYAMA,11,12,6,グリーンエナジー,戸崎圭,4.3,皐月賞,0.23255813953488372,0.1842425083045739,0.1842425083045739,0.44494565755554594,0.7922427857096677,1.0,0.2624534530798655,84.99979499040262,様子見
20260419_NAKAYAMA_11,2026-04-19,NAKAYAMA,11,13,7,アクロフェイズ,西村淳,110.8,皐月賞,0.009025270758122744,0.007150205647199167,0.007150205647199167,0.055342591709321556,0.7922427857096677,1.0,0.021607921465835886,35.62414952529179,様子見
20260419_NAKAYAMA_11,2026-04-19,NAKAYAMA,11,14,7,ゾロアストロ,岩田望,21.5,皐月賞,0.046511627906976744,0.03684850166091478,0.03684850166091478,0.12067884293949592,0.7922427857096678,1.0,0.06199760404448912,43.90442208873667,様子見
20260419_NAKAYAMA_11,2026-04-19,NAKAYAMA,11,15,8,リアライズシリウス,津村,6.6,皐月賞,0.15151515151515152,0.12003678571358603,0.12003678571358603,0.3036930678553727,0.7922427857096678,1.0,0.17513367035612204,67.09840149157087,様子見
20260419_NAKAYAMA_11,2026-04-19,NAKAYAMA,11,16,8,アルトラムス,横山武,57.5,皐月賞,0.017391304347826087,0.013778135403646396,0.013778135403646396,0.06992403717350547,0.7922427857096678,1.0,0.030621905934604118,37.472102851954176,様子見
20260419_NAKAYAMA_11,2026-04-19,NAKAYAMA,11,17,8,アドマイヤクワッズ,坂井,18.3,皐月賞,0.0546448087431694,0.04329195550326053,0.04329195550326053,0.13485444139265657,0.7922427857096678,1.0,0.07076070127007933,45.70094112268928,様子見
20260419_NAKAYAMA_11,2026-04-19,NAKAYAMA,11,18,8,バステール,川田,11.8,皐月賞,0.0847457627118644,0.06713921912793794,0.06713921912793794,0.18731842136694685,0.7922427857096677,1.0,0.10319297979964061,52.34986948590107,様子見
20260419_NAKAYAMA_12,2026-04-19,NAKAYAMA,12,1,1,ロジシルバー,津村,18.2,サンシャインS,0.054945054945054944,0.043912807925620266,0.043912807925620266,0.13656883264867903,0.7992131042462888,1.0,0.07170961534253789,49.97630148796019,様子見
20260419_NAKAYAMA_12,2026-04-19,NAKAYAMA,12,2,1,ディーガレジェンド,ディー,27.1,サンシャインS,0.03690036900369004,0.02949125845927265,0.02949125845927265,0.10484142382271427,0.7992131042462889,1.0,0.05209630806830513,44.177696561083444,様子見
20260419_NAKAYAMA_12,2026-04-19,NAKAYAMA,12,3,2,ショウナンサムデイ,松山,9.3,サンシャインS,0.1075268817204301,0.08593689292970846,0.08593689292970846,0.22902181965767307,0.7992131042462888,1.0,0.12886237094809783,66.87331154369781,様子見
20260419_NAKAYAMA_12,2026-04-19,NAKAYAMA,12,4,2,マイネルブリックス,松岡,119.9,サンシャインS,0.008340283569641367,0.006665663921987396,0.006665663921987396,0.05462511584068671,0.7992131042462888,1.0,0.02105349949759719,35.0,様子見
20260419_NAKAYAMA_12,2026-04-19,NAKAYAMA,12,5,3,レッドテリオス,横山武,9.1,サンシャインS,0.10989010989010989,0.08782561585124053,0.08782561585124053,0.23317701008504363,0.7992131042462888,1.0,0.13143103412138146,67.63272772597816,様子見
20260419_NAKAYAMA_12,2026-04-19,NAKAYAMA,12,6,3,エコロレイズ,団野,24.5,サンシャインS,0.04081632653061224,0.032620943030460765,0.032620943030460765,0.11172672987932813,0.7992131042462888,1.0,0.056352679085120976,45.43607759818414,様子見
20260419_NAKAYAMA_12,2026-04-19,NAKAYAMA,12,7,4,パンジャ,戸崎圭,8.1,サンシャインS,0.1234567901234568,0.09866828447485047,0.09866828447485047,0.25703088105698546,0.7992131042462888,1.0,0.14617706344949097,71.99233914277272,様子見
20260419_NAKAYAMA_12,2026-04-19,NAKAYAMA,12,8,4,ガジュノリ,木幡巧,41.5,サンシャインS,0.024096385542168676,0.019258147090272022,0.019258147090272022,0.0823285788109129,0.7992131042462889,1.0,0.03817927660646429,40.063175431434445,様子見
20260419_NAKAYAMA_12,2026-04-19,NAKAYAMA,12,9,5,リートィアコナル,小崎,6.7,サンシャインS,0.14925373134328357,0.11928553794720728,0.11928553794720728,0.3023888386961705,0.7992131042462888,1.0,0.17421652817189626,80.28210771739401,様子見
20260419_NAKAYAMA_12,2026-04-19,NAKAYAMA,12,10,5,サクソンジェンヌ,武豊,9.2,サンシャインS,0.10869565217391305,0.08687098959198793,0.08687098959198793,0.2310768323146879,0.7992131042462889,1.0,0.1301327424087979,67.24889237297776,様子見
20260419_NAKAYAMA_12,2026-04-19,NAKAYAMA,12,11,6,ピンクジン,嶋田,85.0,サンシャインS,0.011764705882352941,0.009402507108779868,0.009402507108779868,0.06064617085163015,0.7992131042462888,1.0,0.024775606231634953,36.10042769149431,様子見
20260419_NAKAYAMA_12,2026-04-19,NAKAYAMA,12,12,6,ホウオウムサシ,佐々木,31.6,サンシャインS,0.03164556962025316,0.02529155393184458,0.02529155393184458,0.09560207386237252,0.7992131042462887,1.0,0.046384709911002964,42.48908276677536,様子見
20260419_NAKAYAMA_12,2026-04-19,NAKAYAMA,12,13,7,アスターブジエ,岩田望,25.0,サンシャインS,0.04,0.031968524169851555,0.031968524169851555,0.11029140838598787,0.7992131042462889,1.0,0.05546538943469245,45.173753551219306,様子見
20260419_NAKAYAMA_12,2026-04-19,NAKAYAMA,12,14,7,ジオフロント,丸田,99.0,サンシャインS,0.010101010101010102,0.008072859638851402,0.008072859638851402,0.05772094641778753,0.7992131042462888,1.0,0.02296728567253224,35.56580411390109,様子見
20260419_NAKAYAMA_12,2026-04-19,NAKAYAMA,12,15,7,ウインオーディン,レーン,8.3,サンシャインS,0.12048192771084336,0.09629073545136009,0.09629073545136009,0.2518002732053067,0.7992131042462888,1.0,0.14294359677754404,71.0363761574033,様子見
20260419_NAKAYAMA_12,2026-04-19,NAKAYAMA,12,16,8,エラン,荻野極,10.7,サンシャインS,0.09345794392523366,0.07469281348096157,0.07469281348096157,0.20428484487042992,0.7992131042462888,1.0,0.11357042289780207,62.352301187505496,様子見
20260419_NAKAYAMA_12,2026-04-19,NAKAYAMA,12,17,8,アロンディ,西村淳,6.1,サンシャインS,0.1639344262295082,0.1310185416797195,0.1310185416797195,0.32820144690769737,0.7992131042462889,1.0,0.19017341324811285,84.99970435353683,様子見
20260419_NAKAYAMA_12,2026-04-19,NAKAYAMA,12,18,8,モズマーヴェリック,高杉,62.8,サンシャインS,0.01592356687898089,0.012726323316023707,0.012726323316023707,0.0679585665075666,0.7992131042462888,1.0,0.02929599627348657,37.4368650195589,様子見
20260419_HANSHIN_01,2026-04-19,HANSHIN,1,1,1,メイショウゴウケツ,太宰,76.6,3歳未勝利,0.013054830287206267,0.010464081736286384,0.010464081736286384,0.06309841286980689,0.801548660999537,1.0,0.026254381076342533,36.43406172138706,様子見
20260419_HANSHIN_01,2026-04-19,HANSHIN,1,2,1,ツーエムアスリート,角田和,160.3,3歳未勝利,0.006238303181534622,0.005000303562068228,0.005000303562068228,0.05107810088652695,0.801548660999537,1.0,0.018823642759405845,35.0,様子見
20260419_HANSHIN_01,2026-04-19,HANSHIN,1,3,2,ペプチドアバンス,国分優,102.0,3歳未勝利,0.00980392156862745,0.007858320205877813,0.007858320205877813,0.057365737502908035,0.8015486609995369,1.0,0.02271054539498688,35.750135188012266,様子見
20260419_HANSHIN_01,2026-04-19,HANSHIN,1,4,2,ノリノドラゴン,泉谷,14.9,3歳未勝利,0.06711409395973154,0.05379521214761993,0.05379521214761993,0.15842689977474073,0.801548660999537,1.0,0.08518471843575617,47.80705555201897,様子見
20260419_HANSHIN_01,2026-04-19,HANSHIN,1,5,3,メイショウゴッホ,池添,68.3,3歳未勝利,0.014641288433382138,0.011735705139085463,0.011735705139085463,0.06589598435596487,0.801548660999537,1.0,0.027983788904149286,36.767820960475326,様子見
20260419_HANSHIN_01,2026-04-19,HANSHIN,1,6,3,クロンヌジャン,田口,157.3,3歳未勝利,0.006357279084551811,0.005095668537822867,0.005095668537822867,0.05128790383318717,0.801548660999537,1.0,0.018953339126432156,35.02503016354801,様子見
20260419_HANSHIN_01,2026-04-19,HANSHIN,1,7,4,スリーケイ,国分恭,29.4,3歳未勝利,0.034013605442176874,0.027263559897943438,0.027263559897943438,0.10005726482545242,0.801548660999537,1.0,0.04910167137619613,40.84337114111981,様子見
20260419_HANSHIN_01,2026-04-19,HANSHIN,1,8,4,コスモブラック,高倉,5.0,3歳未勝利,0.2,0.1603097321999074,0.1603097321999074,0.39275884388977317,0.801548660999537,1.0,0.23004446570686712,75.76360706424393,様子見
20260419_HANSHIN_01,2026-04-19,HANSHIN,1,9,5,サンライズフリード,城戸,53.6,3歳未勝利,0.018656716417910446,0.014954266063424197,0.014954266063424197,0.07297681838951009,0.801548660999537,1.0,0.032361031761249964,37.61258714101428,様子見
20260419_HANSHIN_01,2026-04-19,HANSHIN,1,10,5,アルディメント,北村友,8.9,3歳未勝利,0.11235955056179775,0.09006164730331877,0.09006164730331877,0.23821305711727814,0.801548660999537,1.0,0.13450707024750658,57.32579968284122,様子見
20260419_HANSHIN_01,2026-04-19,HANSHIN,1,11,6,ミーサーク,浜中,6.3,3歳未勝利,0.15873015873015872,0.1272299461904027,0.1272299461904027,0.3199833146688628,0.801548660999537,1.0,0.1850559567339407,67.08125332379504,様子見
20260419_HANSHIN_01,2026-04-19,HANSHIN,1,12,6,リントゥラウル,酒井,49.4,3歳未勝利,0.020242914979757085,0.016225681396751762,0.016225681396751762,0.07577393212283073,0.801548660999537,1.0,0.034090156614575456,37.946291768722844,様子見
20260419_HANSHIN_01,2026-04-19,HANSHIN,1,13,7,クリコバロー,▲森田,58.5,3歳未勝利,0.017094017094017096,0.0137016865128126,0.0137016865128126,0.07022114337816458,0.8015486609995371,1.0,0.030657523572418195,37.28382628556807,様子見
20260419_HANSHIN_01,2026-04-19,HANSHIN,1,14,7,ファイナルコマンド,吉村,14.5,3歳未勝利,0.06896551724137931,0.05527921799996807,0.05527921799996807,0.16169171264990662,0.801548660999537,1.0,0.08720296639494964,48.196558185418134,様子見
20260419_HANSHIN_01,2026-04-19,HANSHIN,1,15,8,マーゴットバディ,鮫島駿,3.9,3歳未勝利,0.25641025641025644,0.205525297692189,0.205525297692189,0.49223308797279264,0.801548660999537,0.8,0.23323010782109607,76.37840565076415,様子見
20260419_HANSHIN_01,2026-04-19,HANSHIN,1,16,8,サンセバ,幸,4.1,3歳未勝利,0.24390243902439027,0.19549967341452124,0.19549967341452124,0.4701767145619236,0.801548660999537,1.0,0.27790278575874194,84.99980700952446,様子見
20260419_HANSHIN_02,2026-04-19,HANSHIN,2,1,1,サンタカリス,△柴田裕,171.0,3歳未勝利,0.005847953216374269,0.004688592453612011,0.004688592453612011,0.050402368876329116,0.8017493095676539,1.0,0.018402725380427143,35.04700090475043,様子見
20260419_HANSHIN_02,2026-04-19,HANSHIN,2,2,1,モズギャクテン,酒井,133.6,3歳未勝利,0.0074850299401197605,0.006001117586584236,0.006001117586584236,0.05328992416886801,0.8017493095676539,1.0,0.020187759561269367,35.35235601283711,様子見
20260419_HANSHIN_02,2026-04-19,HANSHIN,2,3,2,ドラゴングローリア,幸,10.6,3歳未勝利,0.09433962264150944,0.07563672731770321,0.07563672731770321,0.2064882655773298,0.801749309567654,1.0,0.11489218879559118,51.55287560820387,様子見
20260419_HANSHIN_02,2026-04-19,HANSHIN,2,4,2,ファルカータ,北村友,9.1,3歳未勝利,0.10989010989010989,0.08810431973270923,0.08810431973270923,0.23391696889034302,0.8017493095676539,1.0,0.13184811447999936,54.453424278722494,様子見
20260419_HANSHIN_02,2026-04-19,HANSHIN,2,5,3,ルクスキャンディ,吉村,6.3,3歳未勝利,0.15873015873015872,0.12726179516946887,0.12726179516946887,0.3200634148512142,0.8017493095676539,1.0,0.18510228107399246,63.56329565872173,様子見
20260419_HANSHIN_02,2026-04-19,HANSHIN,2,6,3,カトマンズゴールド,浜中,2.9,3歳未勝利,0.3448275862068966,0.27646527916126,0.27646527916126,0.6483110796331548,0.801749309567654,0.8,0.3104152154422628,84.99982893598826,様子見
20260419_HANSHIN_02,2026-04-19,HANSHIN,2,7,4,ティアラティアレ,国分優,125.3,3歳未勝利,0.007980845969672785,0.006398637745950949,0.006398637745950949,0.05416446851947478,0.8017493095676539,1.0,0.0207283869780081,35.44483790760676,様子見
20260419_HANSHIN_02,2026-04-19,HANSHIN,2,8,4,カイユレ,角田和,9.0,3歳未勝利,0.1111111111111111,0.08908325661862822,0.08908325661862822,0.23607063003936482,0.801749309567654,1.0,0.1331794686448492,54.68117106322248,様子見
20260419_HANSHIN_02,2026-04-19,HANSHIN,2,9,5,ヒメヒオウギ,▲森田,109.7,3歳未勝利,0.009115770282588878,0.007308562530242971,0.007308562530242971,0.05616630304491724,0.801749309567654,1.0,0.021965884684645248,35.65652922983619,様子見
20260419_HANSHIN_02,2026-04-19,HANSHIN,2,10,5,リボンインザスカイ,菱田,28.8,3歳未勝利,0.034722222222222224,0.02783851769332132,0.02783851769332132,0.1013322044036896,0.801749309567654,1.0,0.04988662370643181,40.432762857942414,様子見
20260419_HANSHIN_02,2026-04-19,HANSHIN,2,11,6,ヤマヤロード,国分恭,130.6,3歳未勝利,0.007656967840735069,0.0061389686796910715,0.0061389686796910715,0.05359319657370306,0.8017493095676539,1.0,0.020375237047894665,35.38442666381214,様子見
20260419_HANSHIN_02,2026-04-19,HANSHIN,2,12,6,プレスバーン,池添,10.8,3歳未勝利,0.09259259259259259,0.07423604718219018,0.07423604718219018,0.2034067692792011,0.801749309567654,1.0,0.11298726381129345,51.2270114983061,様子見
20260419_HANSHIN_02,2026-04-19,HANSHIN,2,13,7,クランズクラウン,泉谷,5.8,3歳未勝利,0.1724137931034483,0.13823263958063,0.13823263958063,0.34419927255576876,0.801749309567654,1.0,0.20002262947317162,66.11563031260084,様子見
20260419_HANSHIN_02,2026-04-19,HANSHIN,2,14,7,ワイドバヴァール,田口,160.7,3歳未勝利,0.006222775357809584,0.004989105846718445,0.004989105846718445,0.051063498341163284,0.8017493095676541,1.0,0.018811423595051897,35.11691446093942,様子見
20260419_HANSHIN_02,2026-04-19,HANSHIN,2,15,8,ベルシュヴァル,鮫島駿,12.7,3歳未勝利,0.07874015748031496,0.06312986689509087,0.06312986689509087,0.1789731726475826,0.801749309567654,1.0,0.09788285862083838,48.643191351321406,様子見
20260419_HANSHIN_02,2026-04-19,HANSHIN,2,16,8,アンフルラージュ,▲川端,178.7,3歳未勝利,0.005595970900951316,0.0044865658061984,0.0044865658061984,0.04995791025201918,0.8017493095676541,1.0,0.018127969139944633,35.0,様子見
20260419_HANSHIN_03,2026-04-19,HANSHIN,3,1,1,バロニアル,酒井,51.2,3歳未勝利,0.01953125,0.015686602727674227,0.015686602727674227,0.07466822898372932,0.8031540596569204,1.0,0.03338109060449075,37.38282048082003,様子見
20260419_HANSHIN_03,2026-04-19,HANSHIN,3,2,1,ニホンピロローカス,田口,6.4,3歳未勝利,0.15625,0.12549282182139382,0.12549282182139382,0.31624191098991244,0.8031540596569204,1.0,0.18271754857194938,58.275700799327346,様子見
20260419_HANSHIN_03,2026-04-19,HANSHIN,3,3,2,マーゴットデイズ,吉村,22.2,3歳未勝利,0.04504504504504505,0.03617811079535678,0.03617811079535678,0.11974954673263094,0.8031540596569204,1.0,0.06124954157653903,41.28174924038703,様子見
20260419_HANSHIN_03,2026-04-19,HANSHIN,3,4,2,スターフュージョン,鮫島駿,8.2,3歳未勝利,0.12195121951219513,0.09794561703133177,0.09794561703133177,0.25563806045177595,0.8031540596569204,1.0,0.145253350057465,53.03428134660078,様子見
20260419_HANSHIN_03,2026-04-19,HANSHIN,3,5,3,クロナ,長岡,24.0,3歳未勝利,0.041666666666666664,0.03346475248570502,0.03346475248570502,0.11378015845139708,0.8031540596569204,1.0,0.057559374275412634,40.765477294292644,様子見
20260419_HANSHIN_03,2026-04-19,HANSHIN,3,6,3,ランスオブブラヴ,△柴田裕,30.6,3歳未勝利,0.032679738562091505,0.026246864694670604,0.026246864694670604,0.09790080531112136,0.8031540596569205,1.0,0.04774304687960583,39.39212643115266,様子見
20260419_HANSHIN_03,2026-04-19,HANSHIN,3,7,4,ルクスプロフェシー,▲森田,253.9,3歳未勝利,0.003938558487593541,0.0031632692385069735,0.0031632692385069735,0.04711689530756137,0.8031540596569205,1.0,0.01634935705922329,35.0,様子見
20260419_HANSHIN_03,2026-04-19,HANSHIN,3,8,4,ロードファイター,角田和,34.7,3歳未勝利,0.02881844380403458,0.0231456501342052,0.0231456501342052,0.09107813327809747,0.8031540596569204,1.0,0.04352539507737288,38.80205689603358,様子見
20260419_HANSHIN_03,2026-04-19,HANSHIN,3,9,5,ジャカルタバオ,浜中,11.1,3歳未勝利,0.0900900900900901,0.07235622159071356,0.07235622159071356,0.19934139048241584,0.8031540596569204,1.0,0.11045177225822424,48.165375188312225,様子見
20260419_HANSHIN_03,2026-04-19,HANSHIN,3,10,5,モズプリフォール,北村友,2.4,3歳未勝利,0.4166666666666667,0.33464752485705024,0.33464752485705024,0.7763822576683567,0.8031540596569205,0.8,0.37373435576035374,84.99986009524665,様子見
20260419_HANSHIN_03,2026-04-19,HANSHIN,3,11,6,ムソウテンセイ,秋山稔,174.1,3歳未勝利,0.005743825387708214,0.004613176678098337,0.004613176678098337,0.05030669167466237,0.8031540596569204,1.0,0.018321231177067545,35.27587456209963,様子見
20260419_HANSHIN_03,2026-04-19,HANSHIN,3,12,6,ナブッコ,幸,7.2,3歳未勝利,0.1388888888888889,0.11154917495235007,0.11154917495235007,0.2855658878780162,0.8031540596569205,1.0,0.16375418883004988,55.62263663189785,様子見
20260419_HANSHIN_03,2026-04-19,HANSHIN,3,13,7,スペシャルムーヴ,国分優,38.2,3歳未勝利,0.026178010471204185,0.021024975383689016,0.021024975383689016,0.08641264882696187,0.8031540596569204,1.0,0.04064127741667087,38.398555126072814,様子見
20260419_HANSHIN_03,2026-04-19,HANSHIN,3,14,7,エイシンニンバス,高倉,131.0,3歳未勝利,0.007633587786259542,0.0061309470202818355,0.0061309470202818355,0.05364578642746606,0.8031540596569204,1.0,0.020385398842437105,35.56466143020183,様子見
20260419_HANSHIN_03,2026-04-19,HANSHIN,3,15,8,テイエムプレミラン,古川吉,67.7,3歳未勝利,0.014771048744460856,0.011863427764503994,0.011863427764503994,0.06625724406475482,0.8031540596569204,1.0,0.02818157265457924,36.65538320448457,様子見
20260419_HANSHIN_03,2026-04-19,HANSHIN,3,16,8,ユーコンノオトコ,中井,10.5,3歳未勝利,0.09523809523809523,0.07649086282446861,0.07649086282446861,0.20843760119667698,0.8031540596569204,1.0,0.11607488433613111,48.952075296646534,様子見
20260419_HANSHIN_04,2026-04-19,HANSHIN,4,1,1,スティルシャイニン,▲水沼,18.7,4歳以上障害未勝利,0.053475935828877004,0.04274721632719652,0.04274721632719652,0.1340125231857611,0.7993729453185748,1.0,0.0701268083847659,44.357164255829346,様子見
20260419_HANSHIN_04,2026-04-19,HANSHIN,4,2,2,モスクロッサー,難波,7.4,4歳以上障害未勝利,0.13513513513513511,0.1080233709889966,0.1080233709889966,0.2776200634417213,0.7993729453185748,1.0,0.158902378724814,62.129478662730826,様子見
20260419_HANSHIN_04,2026-04-19,HANSHIN,4,3,3,モズクルードラゴン,田村,95.4,4歳以上障害未勝利,0.010482180293501047,0.008379171334576257,0.008379171334576257,0.058402824201996516,0.799372945318575,1.0,0.023386267194802336,35.0,様子見
20260419_HANSHIN_04,2026-04-19,HANSHIN,4,4,4,メイショウフンジン,中村,4.2,4歳以上障害未勝利,0.23809523809523808,0.19032689174251782,0.19032689174251782,0.458687809099468,0.799372945318575,1.0,0.27083516694960286,84.53772337636303,様子見
20260419_HANSHIN_04,2026-04-19,HANSHIN,4,5,5,ネイチャーシップ,大江圭,9.0,4歳以上障害未勝利,0.1111111111111111,0.08881921614650833,0.08881921614650833,0.2353709227882471,0.799372945318575,1.0,0.13278472813902994,56.90088822954998,様子見
20260419_HANSHIN_04,2026-04-19,HANSHIN,4,6,6,アニージョ,森一,36.6,4歳以上障害未勝利,0.0273224043715847,0.021840790855698768,0.021840790855698768,0.08801838714846603,0.799372945318575,1.0,0.04169406974352895,38.665107661365944,様子見
20260419_HANSHIN_04,2026-04-19,HANSHIN,4,7,6,グラヴィテ,黒岩,7.9,4歳以上障害未勝利,0.12658227848101264,0.10118644877450314,0.10118644877450314,0.26257883456983566,0.7993729453185748,1.0,0.14960416451310288,60.26803428382941,様子見
20260419_HANSHIN_04,2026-04-19,HANSHIN,4,8,7,アンノウンウォリア,小坂,18.0,4歳以上障害未勝利,0.05555555555555555,0.04440960807325416,0.04440960807325416,0.1376697850270879,0.799372945318575,1.0,0.07238766115940429,44.809772852819265,様子見
20260419_HANSHIN_04,2026-04-19,HANSHIN,4,9,7,セキテイオー,上野,3.3,4歳以上障害未勝利,0.30303030303030304,0.2422342258541136,0.2422342258541136,0.5728839441449788,0.7993729453185748,0.8,0.2731433130730985,84.9997998062492,様子見
20260419_HANSHIN_04,2026-04-19,HANSHIN,4,10,7,メラーキ,▲坂口,73.2,4歳以上障害未勝利,0.01366120218579235,0.010920395427849384,0.010920395427849384,0.0639935172071974,0.799372945318575,1.0,0.02684233196165379,35.691882568727245,様子見
20260419_HANSHIN_04,2026-04-19,HANSHIN,4,11,8,ドラギニャン,▲井上,38.1,4歳以上障害未勝利,0.026246719160104987,0.020980917199962597,0.020980917199962597,0.08612666510584648,0.799372945318575,1.0,0.04052464157172776,38.43099544934715,様子見
20260419_HANSHIN_04,2026-04-19,HANSHIN,4,12,8,リードアクトレス,小野寺,12.5,4歳以上障害未勝利,0.08,0.06394983562548599,0.06394983562548599,0.18065828564199793,0.799372945318575,1.0,0.09896237063043957,50.12986361858077,様子見
20260419_HANSHIN_04,2026-04-19,HANSHIN,4,13,8,ゴールドストーム,五十嵐,65.2,4歳以上障害未勝利,0.015337423312883436,0.012260321247217407,0.012260321247217407,0.06694135400980705,0.799372945318575,1.0,0.028664631075994297,36.056695463529536,様子見
20260419_HANSHIN_04,2026-04-19,HANSHIN,4,14,8,ブライテストドーン,草野,18.2,4歳以上障害未勝利,0.054945054945054944,0.0439215904021195,0.0439215904021195,0.13659614615059165,0.7993729453185748,1.0,0.07172395712666114,44.67690345307497,様子見
20260419_HANSHIN_05,2026-04-19,HANSHIN,5,1,1,ミエノクラウン,吉村,3.4,3歳未勝利,0.29411764705882354,0.23575001487152442,0.23575001487152442,0.5587275352455129,0.801550050563183,0.8,0.26611461678697673,84.9997955050238,様子見
20260419_HANSHIN_05,2026-04-19,HANSHIN,5,2,2,ビースペシフィック,池添,5.1,3歳未勝利,0.19607843137254904,0.1571666765810163,0.1571666765810163,0.385844191006395,0.8015500505631831,1.0,0.2257699309086299,76.74950992637551,様子見
20260419_HANSHIN_05,2026-04-19,HANSHIN,5,3,3,ルクスユアン,幸,24.1,3歳未勝利,0.04149377593360996,0.033259338197642443,0.033259338197642443,0.11324804656297253,0.801550050563183,1.0,0.057255950707241474,42.289247555060086,様子見
20260419_HANSHIN_05,2026-04-19,HANSHIN,5,4,4,ルクスディグニティ,岩部,33.4,3歳未勝利,0.029940119760479042,0.023998504507879728,0.023998504507879728,0.09287421244549456,0.8015500505631828,1.0,0.044661216889164176,39.71368776263731,様子見
20260419_HANSHIN_05,2026-04-19,HANSHIN,5,5,5,ウインキングリー,北村友,18.5,3歳未勝利,0.05405405405405406,0.04332702976017205,0.04332702976017205,0.13539696800053766,0.801550050563183,1.0,0.07094801123228173,45.0892051463112,様子見
20260419_HANSHIN_05,2026-04-19,HANSHIN,5,6,3,スプーン,△柴田裕,28.6,3歳未勝利,0.03496503496503496,0.028026225544167234,0.028026225544167234,0.10173519872532708,0.801550050563183,1.0,0.05013891749851518,40.8338500183989,様子見
20260419_HANSHIN_05,2026-04-19,HANSHIN,5,7,4,スクランプシャス,鮫島駿,6.6,3歳未勝利,0.15151515151515152,0.12144697735805803,0.12144697735805803,0.3072608527158868,0.801550050563183,1.0,0.17719113996540664,66.81539122842453,様子見
20260419_HANSHIN_05,2026-04-19,HANSHIN,5,8,5,アトレッタ,菱田,9.8,3歳未勝利,0.1020408163265306,0.08179082148603907,0.08179082148603907,0.22001730979744513,0.801550050563183,1.0,0.12325876797946089,55.7864921025361,様子見
20260419_HANSHIN_05,2026-04-19,HANSHIN,5,9,6,バディ,太宰,6.6,3歳未勝利,0.15151515151515152,0.12144697735805803,0.12144697735805803,0.3072608527158868,0.801550050563183,1.0,0.17719113996540664,66.81539122842453,様子見
20260419_HANSHIN_05,2026-04-19,HANSHIN,5,10,7,シャンドラファール,角田和,68.4,3歳未勝利,0.014619883040935672,0.011718567990689809,0.011718567990689809,0.06585835210767674,0.801550050563183,1.0,0.027960503225785888,36.29847571945582,様子見
20260419_HANSHIN_05,2026-04-19,HANSHIN,5,11,7,オープンザパンドラ,田口,6.7,3歳未勝利,0.14925373134328357,0.11963433590495268,0.11963433590495268,0.30327304151905504,0.801550050563183,1.0,0.17472594758918336,66.31127177211059,様子見
20260419_HANSHIN_05,2026-04-19,HANSHIN,5,12,8,キービート,秋山稔,113.7,3歳未勝利,0.008795074758135443,0.007049692617090438,0.007049692617090438,0.05558682628575811,0.8015500505631828,1.0,0.021610832717690737,35.0,様子見
20260419_HANSHIN_05,2026-04-19,HANSHIN,5,13,8,ダノンシーホーク,松本,52.1,3歳未勝利,0.019193857965451054,0.015384837822709845,0.015384837822709845,0.0739241457381208,0.801550050563183,1.0,0.03294663019733313,37.31811363585224,様子見
20260419_HANSHIN_06,2026-04-19,HANSHIN,6,1,1,ゼンノフォトン,鮫島駿,5.9,3歳1勝クラス,0.1694915254237288,0.13551103934872488,0.13551103934872488,0.3381000431750686,0.7995151321574768,1.0,0.196287740496628,70.59566850417045,様子見
20260419_HANSHIN_06,2026-04-19,HANSHIN,6,2,2,スリーコーズ,▲佐藤,43.5,3歳1勝クラス,0.022988505747126436,0.01837965821051671,0.01837965821051671,0.0804110046710106,0.7995151321574768,1.0,0.036989062148664875,37.41395912844374,様子見
20260419_HANSHIN_06,2026-04-19,HANSHIN,6,3,3,カッタッパ,菱田,3.4,3歳1勝クラス,0.29411764705882354,0.23515150945808144,0.23515150945808144,0.557309077415653,0.7995151321574769,0.8,0.2654390238762823,84.99979170128893,様子見
20260419_HANSHIN_06,2026-04-19,HANSHIN,6,4,4,モンサンゴールデン,△柴田裕,7.1,3歳1勝クラス,0.14084507042253522,0.11260776509260238,0.11260776509260238,0.2877128398115991,0.7995151321574768,1.0,0.1651392875083014,64.10748589474233,様子見
20260419_HANSHIN_06,2026-04-19,HANSHIN,6,5,5,シュピラー,田口,19.7,3歳1勝クラス,0.050761421319796954,0.04058452447499883,0.04058452447499883,0.12926171045287127,0.7995151321574769,1.0,0.06718768026836056,43.70429235900259,様子見
20260419_HANSHIN_06,2026-04-19,HANSHIN,6,6,6,テーオーナタリー,古川吉,15.7,3歳1勝クラス,0.06369426751592357,0.05092453071066732,0.05092453071066732,0.15200972417134195,0.7995151321574768,1.0,0.08125008874886971,46.63347392009352,様子見
20260419_HANSHIN_06,2026-04-19,HANSHIN,6,7,7,ヴォンドゥ,▲森田,37.7,3歳1勝クラス,0.02652519893899204,0.02120729793521159,0.02120729793521159,0.08663181206533936,0.7995151321574769,1.0,0.04083465217424992,38.21499057409345,様子見
20260419_HANSHIN_06,2026-04-19,HANSHIN,6,8,8,エコロレバン,酒井,10.4,3歳1勝クラス,0.09615384615384615,0.07687645501514201,0.07687645501514201,0.20910395764118628,0.7995151321574769,1.0,0.11654470580295528,53.98529716032199,様子見
20260419_HANSHIN_06,2026-04-19,HANSHIN,6,9,9,ベラジオリン,吉村,34.2,3歳1勝クラス,0.029239766081871343,0.023377635443201077,0.023377635443201077,0.09140655458291622,0.7995151321574769,1.0,0.04378631118511561,38.829817341587734,様子見
20260419_HANSHIN_06,2026-04-19,HANSHIN,6,10,10,ミヤラティーニ,角田和,46.5,3歳1勝クラス,0.021505376344086023,0.017193873809838216,0.017193873809838216,0.07780227898951793,0.799515132157477,1.0,0.035376395363742125,37.078042715751934,様子見
20260419_HANSHIN_06,2026-04-19,HANSHIN,6,11,11,ランスオブキング,太宰,5.8,3歳1勝クラス,0.1724137931034483,0.13784743657887533,0.13784743657887533,0.34324011708139957,0.7995151321574768,1.0,0.1994652407296326,71.25753770714371,様子見
20260419_HANSHIN_06,2026-04-19,HANSHIN,6,12,12,ナムラティアラ,中井,81.1,3歳1勝クラス,0.012330456226880395,0.009858386339796263,0.009858386339796263,0.06166420655542562,0.7995151321574768,1.0,0.02540013240448507,35.0,様子見
20260419_HANSHIN_06,2026-04-19,HANSHIN,6,13,13,ロードヴィゴラス,高倉,27.7,3歳1勝クラス,0.036101083032490974,0.02886336217175007,0.02886336217175007,0.103475153385724,0.7995151321574769,1.0,0.05124689953594225,40.383848278921164,様子見
20260419_HANSHIN_06,2026-04-19,HANSHIN,6,14,14,モーゲンセン,浜中,14.1,3歳1勝クラス,0.07092198581560284,0.056703200862232406,0.056703200862232406,0.16472279850478516,0.7995151321574769,1.0,0.08910908015499823,48.27049170033441,様子見
20260419_HANSHIN_06,2026-04-19,HANSHIN,6,15,15,ロードストラダーレ,池添,22.9,3歳1勝クラス,0.04366812227074236,0.03491332454836144,0.03491332454836144,0.11678507061426903,0.7995151321574769,1.0,0.059474848368133715,42.097719415452275,様子見
20260419_HANSHIN_07,2026-04-19,HANSHIN,7,1,1,ダークマルス,吉村,8.4,3歳1勝クラス,0.11904761904761904,0.09522570011073167,0.09522570011073167,0.249491334290117,0.7998958809301461,1.0,0.14150539036454726,58.52724146315915,様子見
20260419_HANSHIN_07,2026-04-19,HANSHIN,7,2,2,アヴィオン,菱田,3.6,3歳1勝クラス,0.2777777777777778,0.22219330025837394,0.22219330025837394,0.5288200546149301,0.7998958809301462,0.8,0.2513450612522727,79.93531275336258,様子見
20260419_HANSHIN_07,2026-04-19,HANSHIN,7,3,3,グレイイメル,高倉,123.7,3歳1勝クラス,0.008084074373484237,0.006466417792482993,0.006466417792482993,0.0542209131899699,0.7998958809301462,1.0,0.020792766411729065,35.0,様子見
20260419_HANSHIN_07,2026-04-19,HANSHIN,7,4,4,オーライカモン,浜中,7.9,3歳1勝クラス,0.12658227848101264,0.10125264315571468,0.10125264315571468,0.2627506089890796,0.799895880930146,1.0,0.14970203290572415,60.12479093179506,様子見
20260419_HANSHIN_07,2026-04-19,HANSHIN,7,5,5,マイリトルヒーロー,幸,5.4,3歳1勝クラス,0.18518518518518517,0.14812886683891593,0.14812886683891593,0.3658783010921224,0.7998958809301461,1.0,0.21345369711487788,72.55017568785217,様子見
20260419_HANSHIN_07,2026-04-19,HANSHIN,7,6,6,ルートサーティーン,田口,7.5,3歳1勝クラス,0.13333333333333333,0.10665278412401949,0.10665278412401949,0.2746309191193502,0.7998958809301462,1.0,0.1570462246226187,61.55619525569284,様子見
20260419_HANSHIN_07,2026-04-19,HANSHIN,7,7,7,ケイアイクウガ,池添,4.1,3歳1勝クラス,0.24390243902439027,0.1950965563244259,0.1950965563244259,0.46920721796024434,0.7998958809301462,1.0,0.2773297548151714,84.99980509709182,様子見
20260419_HANSHIN_07,2026-04-19,HANSHIN,7,8,8,レッドリガーレ,鮫島駿,6.4,3歳1勝クラス,0.15625,0.12498373139533533,0.12498373139533533,0.31495900311624503,0.7998958809301462,1.0,0.18197631291160823,66.41514196454897,様子見
20260419_HANSHIN_08,2026-04-19,HANSHIN,8,1,1,ブラックドレス,△柴田裕,249.7,4歳以上1勝クラス,0.004004805766920304,0.003178923268686793,0.003178923268686793,0.046682488200665555,0.7937771401910921,1.0,0.016229992748280422,35.0,様子見
20260419_HANSHIN_08,2026-04-19,HANSHIN,8,2,2,レーンアジリティ,高倉,12.5,4歳以上1勝クラス,0.08,0.06350217121528738,0.06350217121528738,0.17939363368318686,0.7937771401910922,1.0,0.09826960995565723,46.122886793764195,様子見
20260419_HANSHIN_08,2026-04-19,HANSHIN,8,3,3,メイショウカスガイ,角田和,10.2,4歳以上1勝クラス,0.09803921568627452,0.07782128825402866,0.07782128825402866,0.21089569116841766,0.7937771401910922,1.0,0.11774360912834536,48.76316103678189,様子見
20260419_HANSHIN_08,2026-04-19,HANSHIN,8,4,4,ステイクオール,北村友,29.2,4歳以上1勝クラス,0.03424657534246575,0.02718414863668124,0.02718414863668124,0.09949398401025335,0.7937771401910922,1.0,0.04887709924875287,39.426276987992416,様子見
20260419_HANSHIN_08,2026-04-19,HANSHIN,8,5,5,ニシノミチアキ,池添,40.9,4歳以上1勝クラス,0.02444987775061125,0.019407754038902013,0.019407754038902013,0.08238591589513905,0.7937771401910922,1.0,0.038301202595773125,37.99240265729812,様子見
20260419_HANSHIN_08,2026-04-19,HANSHIN,8,6,6,レッドイステル,鮫島駿,2.3,4歳以上1勝クラス,0.4347826086956522,0.34512049573525755,0.34512049573525755,0.7989539476271214,0.7937771401910922,0.8,0.38501642504225336,84.99986442054251,様子見
20260419_HANSHIN_08,2026-04-19,HANSHIN,8,7,7,ビルンバウム,古川吉,8.2,4歳以上1勝クラス,0.12195121951219513,0.09680209026720638,0.09680209026720638,0.25265345559740865,0.7937771401910922,1.0,0.14355749986626704,52.26299433876716,様子見
20260419_HANSHIN_08,2026-04-19,HANSHIN,8,8,8,メイショウオグマ,国分恭,15.2,4歳以上1勝クラス,0.06578947368421052,0.05222218027572975,0.05222218027572975,0.15457765361616005,0.7937771401910921,1.0,0.08292882227785883,44.04299112292017,様子見
20260419_HANSHIN_08,2026-04-19,HANSHIN,8,9,8,ルシャリオ,酒井,13.0,4歳以上1勝クラス,0.07692307692307693,0.06105978001469941,0.06105978001469941,0.17402037304189333,0.7937771401910924,1.0,0.09494795792285758,45.672539013182586,様子見
20260419_HANSHIN_08,2026-04-19,HANSHIN,8,10,8,レヴァンテシティー,吉村,3.5,4歳以上1勝クラス,0.2857142857142857,0.22679346862602634,0.22679346862602634,0.5386344879868126,0.7937771401910922,0.8,0.25627661954740977,67.54539143402535,様子見
20260419_HANSHIN_08,2026-04-19,HANSHIN,8,11,8,オリジナルファイン,田口,29.5,4歳以上1勝クラス,0.03389830508474576,0.026907699667494654,0.026907699667494654,0.09888579627804286,0.7937771401910922,1.0,0.048501128650659114,39.37530309827021,様子見
20260419_HANSHIN_09,2026-04-19,HANSHIN,9,1,1,ナムアミダブツ,水沼,183.6,蓬莱峡特別,0.0054466230936819175,0.004377151562026868,0.004377151562026868,0.04981198477586575,0.8036450267881329,1.0,0.018007601526178533,35.0,様子見
20260419_HANSHIN_09,2026-04-19,HANSHIN,9,2,2,ピンキープロミス,国分優,37.1,蓬莱峡特別,0.026954177897574122,0.021661591018548056,0.021661591018548056,0.08783775158021236,0.8036450267881329,1.0,0.04151443918704734,38.584106018175085,様子見
20260419_HANSHIN_09,2026-04-19,HANSHIN,9,3,3,ラビットアイ,菱田,5.7,蓬莱峡特別,0.17543859649122806,0.14099035557686543,0.14099035557686543,0.3503610336085106,0.803645026788133,1.0,0.203801558986359,63.328150756837566,様子見
20260419_HANSHIN_09,2026-04-19,HANSHIN,9,4,4,スターリングアップ,池添,5.6,蓬莱峡特別,0.17857142857142858,0.14350804049788088,0.14350804049788088,0.3558999404347446,0.8036450267881329,1.0,0.20722561047894,63.85021857974725,様子見
20260419_HANSHIN_09,2026-04-19,HANSHIN,9,5,5,ハイディージェン,酒井,52.8,蓬莱峡特別,0.01893939393939394,0.015220549749775247,0.015220549749775247,0.07366746078891219,0.803645026788133,1.0,0.03275462306151633,37.24848996694047,様子見
20260419_HANSHIN_09,2026-04-19,HANSHIN,9,6,6,ヤマニンループ,古川吉,22.8,蓬莱峡特別,0.043859649122807015,0.03524758889421636,0.03524758889421636,0.11772694690668264,0.803645026788133,1.0,0.05999139629795624,41.401302194631086,様子見
20260419_HANSHIN_09,2026-04-19,HANSHIN,9,7,7,ヴィスマール,吉村,3.2,蓬莱峡特別,0.3125,0.25113907087129156,0.25113907087129156,0.5926882072562482,0.803645026788133,0.8,0.28288304942942283,75.38576777501561,様子見
20260419_HANSHIN_09,2026-04-19,HANSHIN,9,8,8,タケトンボ,秋山稔,17.1,蓬莱峡特別,0.05847953216374269,0.046996785192288476,0.046996785192288476,0.1435751787624413,0.803645026788133,1.0,0.07597030326333432,43.837618701542915,様子見
20260419_HANSHIN_09,2026-04-19,HANSHIN,9,9,8,ズイウンゴサイ,幸,25.3,蓬莱峡特別,0.039525691699604744,0.03176462556474834,0.03176462556474834,0.11006442758185302,0.8036450267881331,1.0,0.05525456616987974,40.67907398111967,様子見
20260419_HANSHIN_09,2026-04-19,HANSHIN,9,10,8,ジョイエッロ,田口,2.6,蓬莱峡特別,0.3846153846153846,0.30909424107235883,0.30909424107235883,0.7201895816985961,0.803645026788133,0.8,0.34593827460818405,84.99984752921384,様子見
20260419_HANSHIN_10,2026-04-19,HANSHIN,10,1,1,ディニトーソ,長岡,56.4,陽春S,0.01773049645390071,0.014089776981727224,0.014089776981727224,0.07073068044827066,0.7946634217694154,1.0,0.031082048021690255,36.445621524815216,様子見
20260419_HANSHIN_10,2026-04-19,HANSHIN,10,2,1,ロサンゼルス,北村友,14.5,陽春S,0.06896551724137931,0.05480437391513209,0.05480437391513209,0.16030279370176137,0.7946634217694153,1.0,0.08645389985112087,44.03255551070731,様子見
20260419_HANSHIN_10,2026-04-19,HANSHIN,10,3,2,ゼットエール,松本,2.3,陽春S,0.4347826086956522,0.34550583555191977,0.34550583555191977,0.7998460093026944,0.7946634217694154,0.8,0.38544631014172176,84.99986298211573,様子見
20260419_HANSHIN_10,2026-04-19,HANSHIN,10,4,2,ジョディーズマロン,秋山稔,27.7,陽春S,0.036101083032490974,0.02868821017218106,0.02868821017218106,0.1028472334672691,0.7946634217694153,1.0,0.05093591716070747,39.16595666885681,様子見
20260419_HANSHIN_10,2026-04-19,HANSHIN,10,5,3,ショウナンハクウン,吉村,36.9,陽春S,0.02710027100271003,0.021535594085892017,0.021535594085892017,0.0871114780774332,0.7946634217694154,1.0,0.04120835928335437,37.83310726936831,様子見
20260419_HANSHIN_10,2026-04-19,HANSHIN,10,6,4,ゴールドサーベル,酒井,50.2,陽春S,0.0199203187250996,0.015829948640825008,0.015829948640825008,0.0745590580982858,0.7946634217694154,1.0,0.03344868147806324,36.76989263385481,様子見
20260419_HANSHIN_10,2026-04-19,HANSHIN,10,7,4,ロードマイライフ,田口,56.6,陽春S,0.0176678445229682,0.014039989783911933,0.014039989783911933,0.07062114861307703,0.7946634217694154,1.0,0.031014337432661458,36.43634396316368,様子見
20260419_HANSHIN_10,2026-04-19,HANSHIN,10,8,5,ナスノカンゲツ,国分恭,125.5,陽春S,0.00796812749003984,0.006331979456330003,0.006331979456330003,0.053663525892396785,0.7946634217694154,1.0,0.020531443387150038,35.0,様子見
20260419_HANSHIN_10,2026-04-19,HANSHIN,10,9,5,ライジン,池添,20.3,陽春S,0.04926108374384236,0.03914598136795149,0.03914598136795149,0.12585433009796407,0.7946634217694153,1.0,0.06515848598695526,41.1147029583424,様子見
20260419_HANSHIN_10,2026-04-19,HANSHIN,10,10,6,アンズアメ,鮫島駿,5.4,陽春S,0.18518518518518517,0.1471598929202621,0.1471598929202621,0.36348493551304745,0.7946634217694154,1.0,0.2120574056980977,61.242482139007755,様子見
20260419_HANSHIN_10,2026-04-19,HANSHIN,10,11,6,タカネノハナコサン,菱田,8.7,陽春S,0.1149425287356322,0.09134062319188684,0.09134062319188684,0.24068254211062184,0.7946634217694154,1.0,0.13614319886750734,50.84087813289211,様子見
20260419_HANSHIN_10,2026-04-19,HANSHIN,10,12,7,ボディブロー,幸,11.1,陽春S,0.0900900900900901,0.0715912992585059,0.0715912992585059,0.19723402945718374,0.7946634217694154,1.0,0.10928411831810925,47.160703742521946,様子見
20260419_HANSHIN_10,2026-04-19,HANSHIN,10,13,7,ノボリショウリュウ,浜中,5.3,陽春S,0.18867924528301888,0.1499364946734746,0.1499364946734746,0.36959345937011495,0.7946634217694154,1.0,0.21583358408246672,61.759886111867715,様子見
20260419_HANSHIN_11,2026-04-19,HANSHIN,11,1,1,ラーンザロープス,浜中,5.5,立雲峡S,0.18181818181818182,0.145381811769445,0.145381811769445,0.3598199841293764,0.7995999647319475,1.0,0.20971326347742442,77.09256092138335,様子見
20260419_HANSHIN_11,2026-04-19,HANSHIN,11,2,2,ネーヴェフレスカ,吉村,8.2,立雲峡S,0.12195121951219513,0.09751219082096922,0.09751219082096922,0.2545068180427297,0.7995999647319475,1.0,0.14461057898749735,62.38770880890128,様子見
20260419_HANSHIN_11,2026-04-19,HANSHIN,11,3,3,アウフヘーベン,鮫島駿,11.3,立雲峡S,0.08849557522123894,0.07076105882583607,0.07076105882583607,0.19565432765343674,0.7995999647319476,1.0,0.10822903947411627,54.170149696550595,様子見
20260419_HANSHIN_11,2026-04-19,HANSHIN,11,4,4,インヴォーグ,北村友,3.7,立雲峡S,0.27027027027027023,0.216108098576202,0.216108098576202,0.5154178151042418,0.7995999647319474,0.8,0.24472081082769115,84.9997741283293,様子見
20260419_HANSHIN_11,2026-04-19,HANSHIN,11,5,5,スイープアワーズ,国分優,7.4,立雲峡S,0.13513513513513511,0.108054049288101,0.108054049288101,0.2776989066704196,0.7995999647319474,1.0,0.15894750650279654,65.62601457941784,様子見
20260419_HANSHIN_11,2026-04-19,HANSHIN,11,6,6,ミッキージュエリー,角田和,5.2,立雲峡S,0.1923076923076923,0.15376922398691298,0.15376922398691298,0.3782722910078059,0.7995999647319475,1.0,0.22112014409318084,79.66905210348492,様子見
20260419_HANSHIN_11,2026-04-19,HANSHIN,11,7,7,ミストレス,田口,95.7,立雲峡S,0.01044932079414838,0.00835527653847385,0.00835527653847385,0.05836160662123985,0.7995999647319475,1.0,0.023357175563303648,35.0,様子見
20260419_HANSHIN_11,2026-04-19,HANSHIN,11,8,8,パワーホール,古川吉,17.6,立雲峡S,0.056818181818181816,0.04543181617795156,0.04543181617795156,0.13992999382809082,0.7995999647319476,1.0,0.07378126947299334,46.38937433467309,様子見
20260419_HANSHIN_11,2026-04-19,HANSHIN,11,9,8,ゼンダンハヤブサ,酒井,14.0,立雲峡S,0.07142857142857142,0.0571142831951391,0.0571142831951391,0.1656314212659034,0.7995999647319474,1.0,0.0896694246163684,49.97805848117169,様子見
20260419_HANSHIN_11,2026-04-19,HANSHIN,11,10,8,グーテンベルク,幸,8.2,立雲峡S,0.12195121951219513,0.09751219082096922,0.09751219082096922,0.2545068180427297,0.7995999647319475,1.0,0.14461057898749735,62.38770880890128,様子見
20260419_HANSHIN_12,2026-04-19,HANSHIN,12,1,1,ウィンターダフネ,△柴田裕,15.0,4歳以上2勝クラス,0.06666666666666667,0.05373395998630685,0.05373395998630685,0.15851518195960523,0.8060093997946028,1.0,0.08516832657829637,36.480670813519666,様子見
20260419_HANSHIN_12,2026-04-19,HANSHIN,12,2,1,プウスカンドゥール,中井,15.6,4歳以上2勝クラス,0.06410256410256411,0.05166726921760275,0.05166726921760275,0.15396846226845623,0.8060093997946028,1.0,0.0823576271328588,36.082028671418215,様子見
20260419_HANSHIN_12,2026-04-19,HANSHIN,12,3,2,サンコンクエスト,幸,8.6,4歳以上2勝クラス,0.11627906976744186,0.09372202323193056,0.09372202323193056,0.24648892109997741,0.8060093997946027,1.0,0.1395520925923446,44.19393272580813,様子見
20260419_HANSHIN_12,2026-04-19,HANSHIN,12,4,2,フクキタテーラー,菱田,14.7,4歳以上2勝クラス,0.06802721088435375,0.054830571414598836,0.054830571414598836,0.16092772710184758,0.8060093997946028,1.0,0.08665971812077344,36.692195215451044,様子見
20260419_HANSHIN_12,2026-04-19,HANSHIN,12,5,3,ハリウッドパーク,田口,10.7,4歳以上2勝クラス,0.09345794392523366,0.07532798128921522,0.07532798128921522,0.20602202882600365,0.8060093997946028,1.0,0.11453619555025174,40.64592235435535,様子見
20260419_HANSHIN_12,2026-04-19,HANSHIN,12,6,3,レディゴディヴァ,吉村,13.6,4歳以上2勝クラス,0.07352941176470588,0.059265397043720795,0.059265397043720795,0.17068434348591588,0.8060093997946028,1.0,0.09269108097637932,37.5476247820853,様子見
20260419_HANSHIN_12,2026-04-19,HANSHIN,12,7,4,アンドリーナ,国分恭,6.1,4歳以上2勝クラス,0.1639344262295082,0.1321326884909185,0.1321326884909185,0.3309923846697509,0.8060093997946028,1.0,0.19179059734456821,51.60293174504014,様子見
20260419_HANSHIN_12,2026-04-19,HANSHIN,12,8,4,ネクストダンサー,▲佐藤,16.3,4歳以上2勝クラス,0.06134969325153374,0.049448429435251705,0.049448429435251705,0.1490870147472839,0.8060093997946028,1.0,0.07934000502886136,35.6540386415547,様子見
20260419_HANSHIN_12,2026-04-19,HANSHIN,12,9,5,ユウェンタース,酒井,17.5,4歳以上2勝クラス,0.05714285714285714,0.04605767998826302,0.04605767998826302,0.1416273659639088,0.8060093997946028,1.0,0.07472858578095674,35.0,様子見
20260419_HANSHIN_12,2026-04-19,HANSHIN,12,10,5,ヴァンアグレアブル,鮫島駿,2.1,4歳以上2勝クラス,0.47619047619047616,0.3838139999021918,0.3838139999021918,0.8846912697745521,0.8060093997946027,0.8,0.42726174469111994,84.99985816977238,様子見
