race_id,race_name,horse_no,gate_no,horse_name,jockey_name,rank_in_race,signal,印,mark,recommendation,ability_score,win_prob,top3_prob,win_ev,win_odds
20260425_KYOTO_01,3歳未勝利 【見送りC:大混戦】,6,3,ガイストライヒ,西村淳,1,軸,軸,軸,軸,39.81266018790325,0.09906330093951622,0.5809595178226516,0.1882202717850808,1.9
20260425_KYOTO_01,3歳未勝利 【見送りC:大混戦】,11,6,パケラッタ,鮫島駿,2,対抗,対抗,対抗,対抗,37.385397028765084,0.08692698514382544,0.39330105070565097,0.4780984182910399,5.5
20260425_KYOTO_01,3歳未勝利 【見送りC:大混戦】,9,5,ガトー,岩田望,3,穴,穴,穴,穴,37.38122420423535,0.08690612102117676,0.39593312168951394,0.6865583560672964,7.9
20260425_KYOTO_01,3歳未勝利 【見送りC:大混戦】,13,7,キングオブストーム,角田和,4,連下,連下,連下,連下,37.36762967990213,0.08683814839951065,0.4022647956089932,2.275159488067179,26.2
20260425_KYOTO_01,3歳未勝利 【見送りC:大混戦】,5,3,セスティーナ,△田山,5,連下,連下,連下,連下,37.19003171159358,0.08595015855796792,0.4014919873040344,0.5844610781941818,6.8
20260425_KYOTO_01,3歳未勝利 【見送りC:大混戦】,14,7,ブーケ,松若,6,様子見,様子見,様子見,様子見,37.150038925604505,0.08575019462802252,0.40507625054452134,2.409580469047433,28.1
20260425_KYOTO_01,3歳未勝利 【見送りC:大混戦】,3,2,オオアバレ,団野,7,様子見,様子見,様子見,様子見,37.14909635428906,0.0857454817714453,0.42945572172032953,1.294756774748824,15.1
20260425_KYOTO_01,3歳未勝利 【見送りC:大混戦】,1,1,チュウワヘネシー,加藤,8,様子見,様子見,様子見,様子見,36.786176163790074,0.08393088081895037,0.39590694734423604,5.346397108167139,63.7
20260425_KYOTO_01,3歳未勝利 【見送りC:大混戦】,15,8,ハクサンリング,幸,9,様子見,様子見,様子見,様子見,31.801762562165024,0.05900881281082511,0.20409296685748898,1.8587776035409909,31.5
20260425_KYOTO_01,3歳未勝利 【見送りC:大混戦】,8,4,カフジマリボー,△柴田裕,10,様子見,様子見,様子見,様子見,29.977604850644948,0.04988802425322474,0.22313781222297685,8.485952925473528,170.1
20260425_KYOTO_01,3歳未勝利 【見送りC:大混戦】,12,6,ダイナソーコー,高杉,11,様子見,様子見,様子見,様子見,29.432035476415905,0.047160177382079525,0.18720927003765955,1.58929797777608,33.7
20260425_KYOTO_01,3歳未勝利 【見送りC:大混戦】,16,8,キタノアンドレイ,古川吉,12,様子見,様子見,様子見,様子見,29.20088940551353,0.046004447027567646,0.28249185267532945,2.107003673862598,45.8
20260425_KYOTO_01,3歳未勝利 【見送りC:大混戦】,7,4,サンライズナスカ,藤懸,13,様子見,様子見,様子見,様子見,27.397751909277865,0.03698875954638932,0.12834759132483511,3.5657164202719307,96.4
20260425_KYOTO_01,3歳未勝利 【見送りC:大混戦】,2,1,グランドフィナーレ,菱田,14,様子見,様子見,様子見,様子見,27.090417263822232,0.03545208631911116,0.1524382989050771,1.832872862698047,51.7
20260425_KYOTO_01,3歳未勝利 【見送りC:大混戦】,4,2,スージーハルワ,▲川端,15,様子見,様子見,様子見,様子見,23.643831984506242,0.018219159922531203,0.049313133996652055,9.12051145721912,500.6
20260425_KYOTO_01,3歳未勝利 【見送りC:大混戦】,10,5,リアルフォルツァ,田口,16,様子見,様子見,様子見,様子見,21.233452291571215,0.006167261457856073,0.04636579225691541,0.9836782025280436,159.5
20260425_KYOTO_02,3歳未勝利 【見送りC:大混戦】,15,8,ナムラロダン,西村淳,1,軸,軸,軸,軸,38.806269181312544,0.09403134590656274,0.4989827936509751,0.3573191144449384,3.8
20260425_KYOTO_02,3歳未勝利 【見送りC:大混戦】,8,4,メイショウライガ,松山,2,対抗,対抗,対抗,対抗,37.13439782323951,0.08567198911619756,0.3483592332109029,1.05376546612923,12.3
20260425_KYOTO_02,3歳未勝利 【見送りC:大混戦】,13,7,ドンラブス,吉村,3,穴,穴,穴,穴,36.68217123479434,0.08341085617397168,0.4022647956089932,3.8786048120896828,46.5
20260425_KYOTO_02,3歳未勝利 【見送りC:大混戦】,3,2,ペプチドレオン,岩田望,4,連下,連下,連下,連下,36.652190686146724,0.08326095343073361,0.4090876857080429,0.22480457426298078,2.7
20260425_KYOTO_02,3歳未勝利 【見送りC:大混戦】,4,2,ビーアイジーニー,▲森田,5,連下,連下,連下,連下,36.582996126535534,0.08291498063267769,0.43073012908651936,13.100566939963075,158.0
20260425_KYOTO_02,3歳未勝利 【見送りC:大混戦】,5,3,クリコイーコ,城戸,6,様子見,様子見,様子見,様子見,36.51158262985055,0.08255791314925276,0.4014919873040344,3.2858049433402594,39.8
20260425_KYOTO_02,3歳未勝利 【見送りC:大混戦】,2,1,ビエナブラック,団野,7,様子見,様子見,様子見,様子見,36.487413194079906,0.08243706597039954,0.42874884705810906,2.489599392306066,30.2
20260425_KYOTO_02,3歳未勝利 【見送りC:大混戦】,14,7,チェカ,松若,8,様子見,様子見,様子見,様子見,36.47316826264428,0.08236584131322139,0.40507625054452134,2.6357069220230844,32.0
20260425_KYOTO_02,3歳未勝利 【見送りC:大混戦】,10,5,ライフイズカラフル,鮫島駿,9,様子見,様子見,様子見,様子見,34.475956146270896,0.07237978073135448,0.28241282163826836,0.5211344212657523,7.2
20260425_KYOTO_02,3歳未勝利 【見送りC:大混戦】,12,6,リアライズブライト,浜中,10,様子見,様子見,様子見,様子見,34.20149069931207,0.07100745349656033,0.34084151425901255,0.866290932658036,12.2
20260425_KYOTO_02,3歳未勝利 【見送りC:大混戦】,6,3,シティプロスパー,酒井,11,様子見,様子見,様子見,様子見,30.367313350132996,0.05183656675066497,0.1569141685844941,12.653305943837319,244.1
20260425_KYOTO_02,3歳未勝利 【見送りC:大混戦】,11,6,モズプリフォール,菱田,12,様子見,様子見,様子見,様子見,27.30817108001723,0.03654085540008615,0.1863570042569351,0.2192451324005169,6.0
20260425_KYOTO_02,3歳未勝利 【見送りC:大混戦】,9,5,ヴィシュヴァナート,藤懸,13,様子見,様子見,様子見,様子見,26.90868473752954,0.0345434236876477,0.050323395938691166,2.7082044171115798,78.4
20260425_KYOTO_02,3歳未勝利 【見送りC:大混戦】,7,4,センリョウヤクシャ,幸,14,様子見,様子見,様子見,様子見,26.46556300600445,0.03232781503002226,0.09681350886758629,4.6875331793532276,145.0
20260425_KYOTO_02,3歳未勝利 【見送りC:大混戦】,1,1,スーパーカルメン,田口,15,様子見,様子見,様子見,様子見,22.648247744333844,0.013241238721669229,0.05555265882449196,6.647101838277953,502.0
20260425_KYOTO_02,3歳未勝利 【見送りC:大混戦】,16,8,マルモズイルバア,▲川端,16,様子見,様子見,様子見,様子見,22.29438409779557,0.01147192048897785,0.10305438861905657,4.340974713029218,378.4
20260425_KYOTO_03,3歳未勝利 【見送りC:大混戦】,9,5,サンダーバード,浜中,1,軸,軸,軸,軸,36.8042325080047,0.08402116254002354,0.5224175644734363,1.545989390736433,18.4
20260425_KYOTO_03,3歳未勝利 【見送りC:大混戦】,12,7,ハヤブササキチャン,西村淳,2,対抗,対抗,対抗,対抗,36.08830646659504,0.08044153233297521,0.4877990646484723,0.22523629053233057,2.8
20260425_KYOTO_03,3歳未勝利 【見送りC:大混戦】,8,5,ビロングトゥミー,松山,3,穴,穴,穴,穴,34.98258824346017,0.07491294121730084,0.4429914758765851,0.3071430589909334,4.1
20260425_KYOTO_03,3歳未勝利 【見送りC:大混戦】,6,4,メイショウブレマ,▲森田,4,連下,連下,連下,連下,34.9448020158136,0.07472401007906801,0.4053446031040967,5.230680705534761,70.0
20260425_KYOTO_03,3歳未勝利 【見送りC:大混戦】,7,4,タガノプトゥリ,秋山稔,5,連下,連下,連下,連下,34.9448020158136,0.07472401007906801,0.4041861299690563,23.388615154748287,313.0
20260425_KYOTO_03,3歳未勝利 【見送りC:大混戦】,5,3,エトワールブーケ,岩部,6,様子見,様子見,様子見,様子見,34.9448020158136,0.07472401007906801,0.4014919873040344,1.9054622570162343,25.5
20260425_KYOTO_03,3歳未勝利 【見送りC:大混戦】,2,2,ヴィーラー,菱田,7,様子見,様子見,様子見,様子見,34.92292601273603,0.07461463006368016,0.42874884705810906,1.9623647706747882,26.3
20260425_KYOTO_03,3歳未勝利 【見送りC:大混戦】,11,6,ゲフィオン,吉村,8,様子見,様子見,様子見,様子見,34.37954446442517,0.07189772232212586,0.4619413916769135,0.7621158566145342,10.6
20260425_KYOTO_03,3歳未勝利 【見送りC:大混戦】,13,7,メイショウローゼ,藤懸,9,様子見,様子見,様子見,様子見,34.20866933304994,0.07104334666524971,0.3039117824277659,0.8098941519838467,11.4
20260425_KYOTO_03,3歳未勝利 【見送りC:大混戦】,4,3,ロッサコメータ,高杉,10,様子見,様子見,様子見,様子見,33.74283628567093,0.06871418142835466,0.3855015007195284,1.8277972259942339,26.6
20260425_KYOTO_03,3歳未勝利 【見送りC:大混戦】,1,1,コールラヴ,岩田望,11,様子見,様子見,様子見,様子見,33.462897259971555,0.06731448629985777,0.27299995219661444,0.8616254246381795,12.8
20260425_KYOTO_03,3歳未勝利 【見送りC:大混戦】,15,8,ダイチノナポリ,高倉,12,様子見,様子見,様子見,様子見,32.376835505767865,0.06188417752883932,0.2598020707523771,0.6869143705701164,11.1
20260425_KYOTO_03,3歳未勝利 【見送りC:大混戦】,3,2,ルージュソムニウム,幸,13,様子見,様子見,様子見,様子見,29.932201675717632,0.04966100837858816,0.22393419360678857,0.566135495515905,11.4
20260425_KYOTO_03,3歳未勝利 【見送りC:大混戦】,14,8,デュードロップ,国分優,14,様子見,様子見,様子見,様子見,27.31809794893982,0.03659048974469909,0.12835173285292792,2.0783398174989083,56.8
20260425_KYOTO_03,3歳未勝利 【見送りC:大混戦】,10,6,グリッタードール,田口,15,様子見,様子見,様子見,様子見,26.94645824822035,0.03473229124110175,0.11620448331129744,4.8382081698854735,139.3
20260425_KYOTO_04,4歳以上障害OP 【波乱B:ヒモ荒れ】,4,4,フームスムート,上野,1,軸,軸,軸,軸,52.60463162771895,0.16302315813859478,0.3568753256935504,4.042974321837151,24.8
20260425_KYOTO_04,4歳以上障害OP 【波乱B:ヒモ荒れ】,7,6,ホークフィールド,高田,2,対抗,対抗,対抗,対抗,52.064777453877916,0.1603238872693896,0.31514557548760125,0.28858299708490126,1.8
20260425_KYOTO_04,4歳以上障害OP 【波乱B:ヒモ荒れ】,3,3,ナックエルドラド,伴,3,穴,穴,穴,穴,50.583601849322754,0.15291800924661378,0.17703189182781007,6.453139990207102,42.2
20260425_KYOTO_04,4歳以上障害OP 【波乱B:ヒモ荒れ】,10,8,ヴァレッタカズマ,▲井上,4,連下,連下,連下,連下,44.425805833535364,0.1221290291676768,0.3424437457698595,8.121580439650508,66.5
20260425_KYOTO_04,4歳以上障害OP 【波乱B:ヒモ荒れ】,11,8,マテンロウジョイ,森一,5,連下,連下,連下,連下,40.35596903366445,0.10177984516832225,0.11079357568070727,0.6208570555267657,6.1
20260425_KYOTO_04,4歳以上障害OP 【波乱B:ヒモ荒れ】,2,2,テイエムエメラルド,小野寺,6,様子見,様子見,様子見,様子見,39.029735786518046,0.09514867893259026,0.17966976698931594,1.9315181823315823,20.3
20260425_KYOTO_04,4歳以上障害OP 【波乱B:ヒモ荒れ】,9,7,ワールドスケール,黒岩,7,様子見,様子見,様子見,様子見,31.931741522921314,0.05965870761460656,0.11692206654353546,1.4974335611266247,25.1
20260425_KYOTO_04,4歳以上障害OP 【波乱B:ヒモ荒れ】,6,6,ケイテンアイジン,小坂,8,様子見,様子見,様子見,様子見,28.53536572483349,0.04267682862416746,0.06715378809970562,0.4096975547920076,9.6
20260425_KYOTO_04,4歳以上障害OP 【波乱B:ヒモ荒れ】,8,7,ゴールドブリーズ,石神深,9,様子見,様子見,様子見,様子見,28.38359118264169,0.04191795591320845,0.024910630188305277,0.8677016874034149,20.7
20260425_KYOTO_04,4歳以上障害OP 【波乱B:ヒモ荒れ】,1,1,アトラクティーボ,▲坂口,10,様子見,様子見,様子見,様子見,26.59572819532671,0.032978640976633555,0.03658989725419769,0.4814881582588499,14.6
20260425_KYOTO_04,4歳以上障害OP 【波乱B:ヒモ荒れ】,5,5,アルマーザアミール,小牧加,11,様子見,様子見,様子見,様子見,25.489051789639287,0.027445258948196435,0.07853343508618765,0.17839418316327682,6.5
20260425_KYOTO_05,3歳未勝利 【見送りC:大混戦】,10,7,マーゴットショット,荻野琢,1,軸,軸,軸,軸,40.36077809965414,0.10180389049827068,0.39593312168951394,2.7792462106027895,27.3
20260425_KYOTO_05,3歳未勝利 【見送りC:大混戦】,12,8,エアセンチュリー,松若,2,対抗,対抗,対抗,対抗,40.339970001511816,0.10169985000755906,0.4022647956089932,6.051141075449764,59.5
20260425_KYOTO_05,3歳未勝利 【見送りC:大混戦】,4,4,タガノミトゥンドゥ,△田山,3,穴,穴,穴,穴,40.219049367231705,0.10109524683615853,0.43073012908651936,8.926710295632798,88.3
20260425_KYOTO_05,3歳未勝利 【見送りC:大混戦】,1,1,コスモフィレンツェ,幸,4,連下,連下,連下,連下,39.659005051603955,0.09829502525801975,0.39590694734423604,0.30471457829986126,3.1
20260425_KYOTO_05,3歳未勝利 【見送りC:大混戦】,9,7,ビップヴォルフ,西村淳,5,連下,連下,連下,連下,39.305049415870656,0.09652524707935328,0.43416199580334547,0.2606181671142539,2.7
20260425_KYOTO_05,3歳未勝利 【見送りC:大混戦】,2,2,エルナト,▲森田,6,様子見,様子見,様子見,様子見,39.233060090631625,0.0961653004531581,0.3635793970041128,0.7885554637158964,8.2
20260425_KYOTO_05,3歳未勝利 【見送りC:大混戦】,5,5,フウセン,鮫島駿,7,様子見,様子見,様子見,様子見,38.69401924147422,0.09347009620737114,0.4200150956810567,0.44865646179538143,4.8
20260425_KYOTO_05,3歳未勝利 【見送りC:大混戦】,11,8,スウィーティーベル,団野,8,様子見,様子見,様子見,様子見,38.60588495615383,0.09302942478076916,0.22023743855460093,3.060668075287305,32.9
20260425_KYOTO_05,3歳未勝利 【見送りC:大混戦】,7,6,レイワノキセキ,太宰,9,様子見,様子見,様子見,様子見,36.62457269047475,0.08312286345237375,0.3242050865789116,1.3632149606189294,16.4
20260425_KYOTO_05,3歳未勝利 【見送りC:大混戦】,3,3,サトノトリニティ,高杉,10,様子見,様子見,様子見,様子見,32.23391926382915,0.06116959631914577,0.23196664366930697,1.6087603831935338,26.3
20260425_KYOTO_05,3歳未勝利 【見送りC:大混戦】,6,5,ロスニーニョス,古川吉,11,様子見,様子見,様子見,様子見,30.7319322621562,0.05365966131078101,0.12700998475386066,4.6576586017757915,86.8
20260425_KYOTO_05,3歳未勝利 【見送りC:大混戦】,8,6,チュオンソン,岩部,12,様子見,様子見,様子見,様子見,23.99275955940794,0.019963797797039703,0.13778491520085748,0.7965555321018841,39.9
20260425_KYOTO_06,3歳未勝利 【見送りC:大混戦】,12,6,ブランチアウト,古川吉,1,軸,軸,軸,軸,35.562771140960876,0.07781385570480438,0.4582746640623828,0.42019482080594367,5.4
20260425_KYOTO_06,3歳未勝利 【見送りC:大混戦】,8,4,チュウワメロディー,松若,2,対抗,対抗,対抗,対抗,35.53876605644092,0.07769383028220458,0.5018364688188299,0.5438568119754321,7.0
20260425_KYOTO_06,3歳未勝利 【見送りC:大混戦】,11,6,ヴェロシオン,高倉,3,穴,穴,穴,穴,34.870730027676544,0.07435365013838273,0.39330105070565097,7.056161398132521,94.9
20260425_KYOTO_06,3歳未勝利 【見送りC:大混戦】,9,5,クーブグラッセ,菱田,4,連下,連下,連下,連下,34.867160770849566,0.07433580385424784,0.39593312168951394,1.5090168182412314,20.3
20260425_KYOTO_06,3歳未勝利 【見送りC:大混戦】,6,3,メイショウザルク,城戸,5,連下,連下,連下,連下,34.703622835150426,0.07351811417575214,0.4053446031040967,10.990958069274946,149.5
20260425_KYOTO_06,3歳未勝利 【見送りC:大混戦】,7,4,ヒデガミティアラ,川須,6,様子見,様子見,様子見,様子見,34.703622835150426,0.07351811417575214,0.4041861299690563,15.740228245028534,214.1
20260425_KYOTO_06,3歳未勝利 【見送りC:大混戦】,2,1,セルヴァジオ,団野,7,様子見,様子見,様子見,様子見,34.68209986696036,0.0734104993348018,0.42874884705810906,0.6313302942792954,8.6
20260425_KYOTO_06,3歳未勝利 【見送りC:大混戦】,14,7,トウカイジーク,岩田望,8,様子見,様子見,様子見,様子見,34.66941470504479,0.07334707352522393,0.40507625054452134,0.4620865632089108,6.3
20260425_KYOTO_06,3歳未勝利 【見送りC:大混戦】,10,5,サンライズレマ,鮫島駿,9,様子見,様子見,様子見,様子見,34.612039299649446,0.07306019649824723,0.3872998357064063,4.975399381530636,68.1
20260425_KYOTO_06,3歳未勝利 【見送りC:大混戦】,17,8,ダーコ,松山,10,様子見,様子見,様子見,様子見,34.06500592355834,0.0703250296177917,0.36167826870763453,0.8509328583752795,12.1
20260425_KYOTO_06,3歳未勝利 【見送りC:大混戦】,4,2,レッドパラジウム,吉村,11,様子見,様子見,様子見,様子見,32.50612526476034,0.0625306263238017,0.3210856104680245,1.9384494160378527,31.0
20260425_KYOTO_06,3歳未勝利 【見送りC:大混戦】,1,1,ランスオブヒーロー,高杉,12,様子見,様子見,様子見,様子見,31.577719962548287,0.05788859981274142,0.24133263378191236,0.21997667928841738,3.8
20260425_KYOTO_06,3歳未勝利 【見送りC:大混戦】,15,8,クロスボーダー,△田山,13,様子見,様子見,様子見,様子見,30.375317749045905,0.05187658874522952,0.2434977681837899,0.38388675671469846,7.4
20260425_KYOTO_06,3歳未勝利 【見送りC:大混戦】,5,3,ビサイレント,▲森田,14,様子見,様子見,様子見,様子見,27.950998700733408,0.03975499350366704,0.13808851124652274,4.452559272410708,112.0
20260425_KYOTO_06,3歳未勝利 【見送りC:大混戦】,3,2,メイショウマグナ,太宰,15,様子見,様子見,様子見,様子見,24.925308562670814,0.02462654281335408,0.12754717387182954,2.6301147724662157,106.8
20260425_KYOTO_06,3歳未勝利 【見送りC:大混戦】,16,8,キングケープ,田口,16,様子見,様子見,様子見,様子見,23.410322525792957,0.017051612628964784,0.17518328825843257,0.6718335375812124,39.4
20260425_KYOTO_06,3歳未勝利 【見送りC:大混戦】,13,7,ニホンピロエール,国分優,17,様子見,様子見,様子見,様子見,20.9789737730066,0.004894868865032999,0.031538821909102656,1.6432074779915777,335.7
20260425_KYOTO_07,3歳1勝クラス 【見送りC:大混戦】,7,5,キリオス,松山,1,軸,軸,軸,軸,42.24606522667155,0.11123032613335772,0.5252577251876729,0.9454577721335407,8.5
20260425_KYOTO_07,3歳1勝クラス 【見送りC:大混戦】,6,4,ジュンドラドラ,団野,2,対抗,対抗,対抗,対抗,42.0731438621131,0.11036571931056552,0.5685549735207625,0.2317680105521876,2.1
20260425_KYOTO_07,3歳1勝クラス 【見送りC:大混戦】,13,8,ロックバンド,鮫島駿,3,穴,穴,穴,穴,41.65730444095368,0.1082865222047684,0.6075733974801498,4.114887843781199,38.0
20260425_KYOTO_07,3歳1勝クラス 【見送りC:大混戦】,3,3,ロードアマルフィ,吉村,4,連下,連下,連下,連下,40.1122866384651,0.10056143319232551,0.4592233074459623,0.6134247424731856,6.1
20260425_KYOTO_07,3歳1勝クラス 【見送りC:大混戦】,11,7,ワザオギ,西村淳,5,連下,連下,連下,連下,39.026500942323466,0.09513250471161733,0.4318725766979555,1.3603948173761278,14.3
20260425_KYOTO_07,3歳1勝クラス 【見送りC:大混戦】,12,7,アミラル,菱田,6,様子見,様子見,様子見,様子見,36.53607555830431,0.08268037779152156,0.3161166626848612,6.358121052168008,76.9
20260425_KYOTO_07,3歳1勝クラス 【見送りC:大混戦】,2,2,ブラックレジェンド,岩田望,7,様子見,様子見,様子見,様子見,35.67066187017072,0.0783533093508536,0.1770455246707746,0.8305450791190482,10.6
20260425_KYOTO_07,3歳1勝クラス 【見送りC:大混戦】,1,1,ルファーダ,幸,8,様子見,様子見,様子見,様子見,35.079950258826074,0.07539975129413037,0.3055875667268264,1.447675224847303,19.2
20260425_KYOTO_07,3歳1勝クラス 【見送りC:大混戦】,10,6,ケンタッキーホーム,田口,9,様子見,様子見,様子見,様子見,32.37055844886582,0.06185279224432913,0.20304078747335086,0.630898480892157,10.2
20260425_KYOTO_07,3歳1勝クラス 【見送りC:大混戦】,5,4,ロードヴェルテクス,高杉,10,様子見,様子見,様子見,様子見,29.154586627516984,0.04577293313758492,0.11244703477207688,4.760385046308832,104.0
20260425_KYOTO_07,3歳1勝クラス 【見送りC:大混戦】,14,8,ドメイン,松若,11,様子見,様子見,様子見,様子見,28.53915530486261,0.04269577652431304,0.17676689388068756,0.6532453808219896,15.3
20260425_KYOTO_07,3歳1勝クラス 【見送りC:大混戦】,9,6,ケイアイアマゾン,藤懸,12,様子見,様子見,様子見,様子見,27.89490443301516,0.0394745221650758,0.14975393527555408,0.6710668768062886,17.0
20260425_KYOTO_07,3歳1勝クラス 【見送りC:大混戦】,8,5,ダンジョンヒーロー,△田山,13,様子見,様子見,様子見,様子見,26.82146436023166,0.0341073218011583,0.16371881312375594,3.9769137220150577,116.6
20260425_KYOTO_07,3歳1勝クラス 【見送りC:大混戦】,4,3,キタノファーンヒル,酒井,14,様子見,様子見,様子見,様子見,22.81734202767977,0.014086710138398857,0.06181079153074403,3.107528256530788,220.6
20260425_KYOTO_08,あやめ賞 【狙い目A:本命】,5,5,ララファキュルテ,岩田望,1,軸,軸,軸,軸,60.90333316430093,0.20451666582150466,0.5803869998178509,1.1248416620182755,5.5
20260425_KYOTO_08,あやめ賞 【狙い目A:本命】,2,2,ブレットパス,西村淳,2,対抗,対抗,対抗,対抗,60.66087580519104,0.20330437902595522,0.3974843201340487,0.3049565685389328,1.5
20260425_KYOTO_08,あやめ賞 【狙い目A:本命】,4,4,ブラックシャリマー,吉村,3,穴,穴,穴,穴,55.74029890781396,0.1787014945390698,0.42568447612239596,1.3760015079508374,7.7
20260425_KYOTO_08,あやめ賞 【狙い目A:本命】,3,3,キシダンチョウ,高杉,4,連下,連下,連下,連下,52.66709060821054,0.1633354530410527,0.41587962682926527,0.8330108105093688,5.1
20260425_KYOTO_08,あやめ賞 【狙い目A:本命】,6,6,ジャストビート,鮫島駿,5,連下,連下,連下,連下,46.291995507991075,0.1314599775399554,0.23320521739505953,10.214440254854534,77.7
20260425_KYOTO_08,あやめ賞 【狙い目A:本命】,1,1,アイガーリー,菱田,6,様子見,様子見,様子見,様子見,43.73640600649242,0.11868203003246212,0.1922208821355084,1.9463852925323786,16.4
20260425_KYOTO_09,4歳以上1勝クラス 【見送りC:大混戦】,9,5,セクシーマージュ,高杉,1,軸,軸,軸,軸,36.11925569513424,0.08059627847567122,0.3958508478901221,1.200884549287501,14.9
20260425_KYOTO_09,4歳以上1勝クラス 【見送りC:大混戦】,10,5,ダガーリング,菱田,2,対抗,対抗,対抗,対抗,35.46094501434148,0.07730472507170741,0.46239540945388485,1.2368756011473185,16.0
20260425_KYOTO_09,4歳以上1勝クラス 【見送りC:大混戦】,7,4,ベールノエル,西村淳,3,穴,穴,穴,穴,34.94381915255236,0.0747190957627618,0.4041861299690563,0.6724718618648562,9.0
20260425_KYOTO_09,4歳以上1勝クラス 【見送りC:大混戦】,4,2,サリュエ,団野,4,連下,連下,連下,連下,34.58767980750457,0.07293839903752285,0.39207082985313657,0.43763039422513705,6.0
20260425_KYOTO_09,4歳以上1勝クラス 【見送りC:大混戦】,16,8,ニシノイツキムスメ,秋山稔,5,連下,連下,連下,連下,34.055323254864625,0.07027661627432312,0.4139597282629618,2.4034602765818507,34.2
20260425_KYOTO_09,4歳以上1勝クラス 【見送りC:大混戦】,2,1,モンタルチーノ,吉村,6,様子見,様子見,様子見,様子見,33.94313283272923,0.06971566416364616,0.31916373300303263,0.5507537468928048,7.9
20260425_KYOTO_09,4歳以上1勝クラス 【見送りC:大混戦】,1,1,メイショウサチダケ,松山,7,様子見,様子見,様子見,様子見,33.19133012690516,0.0659566506345258,0.2811373431071521,0.3693572435533444,5.6
20260425_KYOTO_09,4歳以上1勝クラス 【見送りC:大混戦】,12,6,ヒットザグラウンド,古川吉,8,様子見,様子見,様子見,様子見,32.78548958723821,0.06392744793619105,0.2994038771584466,5.171730538037856,80.9
20260425_KYOTO_09,4歳以上1勝クラス 【見送りC:大混戦】,15,8,ウォーターエアリー,田口,9,様子見,様子見,様子見,様子見,32.70475159168806,0.06352375795844029,0.26531132427104037,1.7977223502238602,28.3
20260425_KYOTO_09,4歳以上1勝クラス 【見送りC:大混戦】,6,3,コルドンブルー,岩田望,10,様子見,様子見,様子見,様子見,32.304548753988655,0.061522743769943274,0.2537292394740717,0.17226368255584115,2.8
20260425_KYOTO_09,4歳以上1勝クラス 【見送りC:大混戦】,5,3,ラガークイン,原,11,様子見,様子見,様子見,様子見,31.84833903563404,0.059241695178170205,0.3230842250283796,1.6291466173996807,27.5
20260425_KYOTO_09,4歳以上1勝クラス 【見送りC:大混戦】,3,2,ルクスアドラー,鮫島駿,12,様子見,様子見,様子見,様子見,31.243537440944902,0.05621768720472451,0.1867783256289,7.786149677854345,138.5
20260425_KYOTO_09,4歳以上1勝クラス 【見送りC:大混戦】,13,7,イリスアスール,幸,13,様子見,様子見,様子見,様子見,30.60247199833858,0.053012359991692896,0.15218058711126364,2.926282271541448,55.2
20260425_KYOTO_09,4歳以上1勝クラス 【見送りC:大混戦】,8,4,スウィートリワード,浜中,14,様子見,様子見,様子見,様子見,29.48226183917353,0.04741130919586764,0.22314672764786347,2.010239509904788,42.4
20260425_KYOTO_09,4歳以上1勝クラス 【見送りC:大混戦】,11,6,シャインズオンユー,松若,15,様子見,様子見,様子見,様子見,29.11537731558557,0.045576886577927855,0.23402438852935215,5.8338414819747655,128.0
20260425_KYOTO_09,4歳以上1勝クラス 【見送りC:大混戦】,14,7,レインオンミー,△田山,16,様子見,様子見,様子見,様子見,27.61173655337678,0.0380586827668839,0.23866701527000136,4.901958340374647,128.8
20260425_KYOTO_10,観月橋S 【見送りC:大混戦】,1,1,デルアヴァー,西村淳,1,軸,軸,軸,軸,41.31245060860398,0.10656225304301989,0.3330467932930557,0.3836241109548716,3.6
20260425_KYOTO_10,観月橋S 【見送りC:大混戦】,4,4,ピエマンソン,幸,2,対抗,対抗,対抗,対抗,41.23413408458436,0.10617067042292182,0.4506416153526771,0.8705994974679588,8.2
20260425_KYOTO_10,観月橋S 【見送りC:大混戦】,7,7,プルナチャンドラ,酒井,3,穴,穴,穴,穴,41.12845621198039,0.10564228105990195,0.48666002256637786,2.6938781670274996,25.5
20260425_KYOTO_10,観月橋S 【見送りC:大混戦】,11,8,アラレタバシル,鮫島駿,4,連下,連下,連下,連下,39.96834943095049,0.09984174715475246,0.3743537502980456,1.4077686348820095,14.1
20260425_KYOTO_10,観月橋S 【見送りC:大混戦】,5,5,ショウザンジョージ,国分優,5,連下,連下,連下,連下,39.768350442226534,0.09884175221113266,0.4014919873040344,3.014673442439546,30.5
20260425_KYOTO_10,観月橋S 【見送りC:大混戦】,3,3,ベンナヴェローチェ,団野,6,様子見,様子見,様子見,様子見,39.72127522431825,0.09860637612159123,0.42945572172032953,0.6803839952389795,6.9
20260425_KYOTO_10,観月橋S 【見送りC:大混戦】,8,7,プロミシングスター,田口,7,様子見,様子見,様子見,様子見,38.922841188372466,0.09461420594186233,0.35973729152379813,1.9206683806198055,20.3
20260425_KYOTO_10,観月橋S 【見送りC:大混戦】,9,8,タガノマカシヤ,岩田望,8,様子見,様子見,様子見,様子見,36.99463340739425,0.08497316703697122,0.3392475518485921,0.31440071803679354,3.7
20260425_KYOTO_10,観月橋S 【見送りC:大混戦】,10,8,パシアンジャン,松山,9,様子見,様子見,様子見,様子見,36.74232329677644,0.0837116164838822,0.32831446872704956,0.569238992090399,6.8
20260425_KYOTO_10,観月橋S 【見送りC:大混戦】,6,6,ケイアイメキラ,藤懸,10,様子見,様子見,様子見,様子見,32.840127726464935,0.06420063863232467,0.17164649393463782,4.314282916092218,67.2
20260425_KYOTO_10,観月橋S 【見送りC:大混戦】,2,2,マイノワール,浜中,11,様子見,様子見,様子見,様子見,31.36705837832791,0.056835291891639564,0.18475459698669988,0.6990740902671667,12.3
20260425_KYOTO_11,天王山S 【波乱B:ヒモ荒れ】,4,4,オーブルクール,原,1,軸,軸,軸,軸,45.18405378073251,0.12592026890366256,0.5253413772929518,3.1102306419204653,24.7
20260425_KYOTO_11,天王山S 【波乱B:ヒモ荒れ】,11,8,ドンアミティエ,松山,2,対抗,対抗,対抗,対抗,42.774297217129146,0.1138714860856457,0.42052709896442186,0.3530016068655017,3.1
20260425_KYOTO_11,天王山S 【波乱B:ヒモ荒れ】,7,6,ジョーローリット,角田和,3,穴,穴,穴,穴,41.018403667125966,0.10509201833562985,0.32034006941436033,0.756662532016535,7.2
20260425_KYOTO_11,天王山S 【波乱B:ヒモ荒れ】,10,7,ゲッティヴィラ,西村淳,4,連下,連下,連下,連下,40.1882980440804,0.10094149022040198,0.32617167627075666,0.5450840471901708,5.4
20260425_KYOTO_11,天王山S 【波乱B:ヒモ荒れ】,5,5,メイショウホウレン,浜中,5,連下,連下,連下,連下,38.509238740288055,0.0925461937014403,0.32584342023814444,0.6108048784295059,6.6
20260425_KYOTO_11,天王山S 【波乱B:ヒモ荒れ】,1,1,ケイアイアニラ,高杉,6,様子見,様子見,様子見,様子見,38.3272971559082,0.091636485779541,0.19146496765043103,1.5669839068301512,17.1
20260425_KYOTO_11,天王山S 【波乱B:ヒモ荒れ】,12,8,ファムエレガンテ,岩田望,7,様子見,様子見,様子見,様子見,37.19781850280677,0.08598909251403382,0.16923821708325576,0.6019236475982367,7.0
20260425_KYOTO_11,天王山S 【波乱B:ヒモ荒れ】,9,7,カズゴルティス,団野,8,様子見,様子見,様子見,様子見,36.836915362603065,0.08418457681301532,0.16279236208861633,2.727580288741696,32.4
20260425_KYOTO_11,天王山S 【波乱B:ヒモ荒れ】,6,5,ヒルノドゴール,幸,9,様子見,様子見,様子見,様子見,32.22595431073805,0.06112977155369021,0.27744476378244964,0.4645862638080456,7.6
20260425_KYOTO_11,天王山S 【波乱B:ヒモ荒れ】,8,6,ケイアイシェルビー,藤懸,10,様子見,様子見,様子見,様子見,29.711147046494176,0.048555735232470885,0.10493928747576618,6.977459152906066,143.7
20260425_KYOTO_11,天王山S 【波乱B:ヒモ荒れ】,3,3,ペプチドヤマト,高倉,11,様子見,様子見,様子見,様子見,29.316458933163553,0.04658229466581775,0.09896306956165418,1.658329690103112,35.6
20260425_KYOTO_11,天王山S 【波乱B:ヒモ荒れ】,2,2,ジュンウィンダム,国分優,12,様子見,様子見,様子見,様子見,28.71011723893014,0.043550586194650694,0.08318362111294317,4.241827095358977,97.4
20260425_KYOTO_12,4歳以上2勝クラス 【波乱B:ヒモ荒れ】,2,2,フェアリーライク,岩田望,1,軸,軸,軸,軸,45.48957464791923,0.1274478732395961,0.4480641229850413,0.3313644704229499,2.6
20260425_KYOTO_12,4歳以上2勝クラス 【波乱B:ヒモ荒れ】,11,8,リカントロボ,田口,2,対抗,対抗,対抗,対抗,45.08393878755086,0.12541969393775432,0.39330105070565097,0.8904798269580556,7.1
20260425_KYOTO_12,4歳以上2勝クラス 【波乱B:ヒモ荒れ】,7,6,サクラオーラ,西村淳,3,穴,穴,穴,穴,42.144824284037085,0.11072412142018541,0.3392515242440068,2.1148307191255413,19.1
20260425_KYOTO_12,4歳以上2勝クラス 【波乱B:ヒモ荒れ】,1,1,ホウオウトランプ,松山,4,連下,連下,連下,連下,41.42827395101612,0.1071413697550806,0.3350501381380611,0.43927961599583043,4.1
20260425_KYOTO_12,4歳以上2勝クラス 【波乱B:ヒモ荒れ】,10,8,リアライズ,角田和,5,連下,連下,連下,連下,40.89147142085318,0.10445735710426587,0.33854016350829536,1.0236820996218057,9.8
20260425_KYOTO_12,4歳以上2勝クラス 【波乱B:ヒモ荒れ】,8,7,アスクエピソード,国分優,6,様子見,様子見,様子見,様子見,40.06843507230488,0.10034217536152439,0.301325147986804,9.091001087754108,90.6
20260425_KYOTO_12,4歳以上2勝クラス 【波乱B:ヒモ荒れ】,5,5,オリバナム,団野,7,様子見,様子見,様子見,様子見,37.5815551247192,0.08790777562359599,0.27358730704436485,0.527446653741576,6.0
20260425_KYOTO_12,4歳以上2勝クラス 【波乱B:ヒモ荒れ】,9,7,ショウナンバルドル,△田山,8,様子見,様子見,様子見,様子見,35.168109851381466,0.07584054925690734,0.168782029279847,1.4485544908069303,19.1
20260425_KYOTO_12,4歳以上2勝クラス 【波乱B:ヒモ荒れ】,6,6,クスクス,酒井,9,様子見,様子見,様子見,様子見,34.632229763811814,0.07316114881905907,0.13155903394152235,0.9657271644115796,13.2
20260425_KYOTO_12,4歳以上2勝クラス 【波乱B:ヒモ荒れ】,3,3,オデット,吉村,10,様子見,様子見,様子見,様子見,34.56612775857229,0.07283063879286146,0.1513469681911224,6.0522260836867865,83.1
20260425_KYOTO_12,4歳以上2勝クラス 【波乱B:ヒモ荒れ】,4,4,ユメハハテシナク,幸,11,様子見,様子見,様子見,様子見,22.94545933783391,0.01472729668916954,0.08730516712226094,0.9322378804244318,63.3
20260425_TOKYO_01,3歳未勝利 【見送りC:大混戦】,12,7,エリカビアリッツ,レーン,1,軸,軸,軸,軸,42.7113324583142,0.113556662291571,0.6408623920604853,0.2838916557289275,2.5
20260425_TOKYO_01,3歳未勝利 【見送りC:大混戦】,10,6,アッシュグレイス,◇永島,2,対抗,対抗,対抗,対抗,40.38214600902255,0.10191073004511274,0.39593312168951394,6.868783205040599,67.4
20260425_TOKYO_01,3歳未勝利 【見送りC:大混戦】,4,3,ソフィアブルーマ,△長浜,3,穴,穴,穴,穴,40.240268537357714,0.10120134268678857,0.43073012908651936,11.840557094354264,117.0
20260425_TOKYO_01,3歳未勝利 【見送りC:大混戦】,7,5,ハピネスドリーム,戸崎圭,4,連下,連下,連下,連下,40.15310525642425,0.10076552628212124,0.4041861299690563,0.7557414471159093,7.5
20260425_TOKYO_01,3歳未勝利 【見送りC:大混戦】,6,4,パターショコラ,岩田康,5,連下,連下,連下,連下,40.15310525642425,0.10076552628212124,0.4053446031040967,0.46352142089775766,4.6
20260425_TOKYO_01,3歳未勝利 【見送りC:大混戦】,3,3,イサチルニャーニャ,中井,6,様子見,様子見,様子見,様子見,40.10511380543053,0.10052556902715264,0.42945572172032953,24.819762992803987,246.9
20260425_TOKYO_01,3歳未勝利 【見送りC:大混戦】,2,2,ロンドンブライド,吉田豊,7,様子見,様子見,様子見,様子見,38.99929563469546,0.0949964781734773,0.383457230738329,3.1538830753594467,33.2
20260425_TOKYO_01,3歳未勝利 【見送りC:大混戦】,1,1,アルペンローゼ,北村友,8,様子見,様子見,様子見,様子見,38.71553308791305,0.09357766543956525,0.3380208814298277,1.3849494485055658,14.8
20260425_TOKYO_01,3歳未勝利 【見送りC:大混戦】,13,8,リケアマカロニ,横山和,9,様子見,様子見,様子見,様子見,35.802367109945465,0.07901183554972734,0.38169798257625603,0.6083911337329005,7.7
20260425_TOKYO_01,3歳未勝利 【見送りC:大混戦】,8,5,サーロー,佐々木,10,様子見,様子見,様子見,様子見,30.194598246085636,0.05097299123042818,0.1634580574531889,1.9165844702640995,37.6
20260425_TOKYO_01,3歳未勝利 【見送りC:大混戦】,5,4,アンチェーン,ディー,11,様子見,様子見,様子見,様子見,26.108692667028087,0.030543463335140447,0.1022994016561874,0.16493470200975843,5.4
20260425_TOKYO_01,3歳未勝利 【見送りC:大混戦】,11,7,ローズライズ,★谷原,12,様子見,様子見,様子見,様子見,22.80872686096874,0.014043634304843709,0.10068654910695049,2.2568120327883836,160.7
20260425_TOKYO_01,3歳未勝利 【見送りC:大混戦】,14,8,ダイユウアドバンス,▲佐藤,13,様子見,様子見,様子見,様子見,22.327214176381823,0.011636070881909105,0.09973271154362809,0.8017252837635374,68.9
20260425_TOKYO_01,3歳未勝利 【見送りC:大混戦】,9,6,ロット,柴田大,14,様子見,様子見,様子見,様子見,21.298500894008242,0.006492504470041203,0.0283798086127912,0.7765035346169278,119.6
20260425_TOKYO_02,3歳未勝利 【見送りC:大混戦】,13,7,ココラッシー,レーン,1,軸,軸,軸,軸,38.24230324582017,0.09121151622910086,0.5033456609825647,0.4469364295225942,4.9
20260425_TOKYO_02,3歳未勝利 【見送りC:大混戦】,11,6,マカホウ,矢野貴,2,対抗,対抗,対抗,対抗,37.069155512670804,0.085345777563354,0.39330105070565097,3.5077114578538495,41.1
20260425_TOKYO_02,3歳未勝利 【見送りC:大混戦】,4,2,カフェシューター,田辺,3,穴,穴,穴,穴,36.95033933764588,0.08475169668822939,0.43073012908651936,0.44070882277879286,5.2
20260425_TOKYO_02,3歳未勝利 【見送りC:大混戦】,14,7,ラッキーモア,坂井,4,連下,連下,連下,連下,36.83807858889574,0.08419039294447868,0.40507625054452134,0.698780261439173,8.3
20260425_TOKYO_02,3歳未勝利 【見送りC:大混戦】,3,2,ミュートーマス,▲佐藤,5,連下,連下,連下,連下,36.83715316301455,0.08418576581507274,0.42945572172032953,19.034401650787945,226.1
20260425_TOKYO_02,3歳未勝利 【見送りC:大混戦】,5,3,ヘイスティハート,津村,6,様子見,様子見,様子見,様子見,35.96774712530009,0.07983873562650046,0.38947473432555263,0.3991936781325023,5.0
20260425_TOKYO_02,3歳未勝利 【見送りC:大混戦】,6,3,カラクリスピリッツ,岩田康,7,様子見,様子見,様子見,様子見,35.69788136241488,0.07848940681207442,0.32080039012350126,3.814585171066817,48.6
20260425_TOKYO_02,3歳未勝利 【見送りC:大混戦】,2,1,ウェスケンジントン,中井,8,様子見,様子見,様子見,様子見,35.16313715498227,0.07581568577491136,0.31260052738504396,0.6823411719742023,9.0
20260425_TOKYO_02,3歳未勝利 【見送りC:大混戦】,16,8,ライカ,大野,9,様子見,様子見,様子見,様子見,34.634873180111285,0.07317436590055641,0.32656863894479193,0.6366169833348407,8.7
20260425_TOKYO_02,3歳未勝利 【見送りC:大混戦】,9,5,マスターストーン,横山和,10,様子見,様子見,様子見,様子見,32.41847985599508,0.06209239927997541,0.126054993076607,0.5215761539517935,8.4
20260425_TOKYO_02,3歳未勝利 【見送りC:大混戦】,15,8,サリーアン,横山武,11,様子見,様子見,様子見,様子見,29.57693213590325,0.047884660679516244,0.19342270526614544,1.0678279331532123,22.3
20260425_TOKYO_02,3歳未勝利 【見送りC:大混戦】,12,6,コパノミラノ,柴田大,12,様子見,様子見,様子見,様子見,28.94368668617799,0.044718433430889964,0.180791021944601,1.596448073482772,35.7
20260425_TOKYO_02,3歳未勝利 【見送りC:大混戦】,1,1,レッドジェルブロワ,ディー,13,様子見,様子見,様子見,様子見,28.065814395559475,0.04032907197779737,0.14718153840210366,1.427649148014027,35.4
20260425_TOKYO_02,3歳未勝利 【見送りC:大混戦】,7,4,コロッセウム,石橋脩,14,様子見,様子見,様子見,様子見,27.968809652055363,0.03984404826027682,0.14458112616511973,2.143609796402893,53.8
20260425_TOKYO_02,3歳未勝利 【見送りC:大混戦】,8,4,グリュック,△長浜,15,様子見,様子見,様子見,様子見,23.6572522900494,0.018286261450247,0.09490105728749254,2.68442318089626,146.8
20260425_TOKYO_02,3歳未勝利 【見送りC:大混戦】,10,5,ニシノバリキング,原田和,16,様子見,様子見,様子見,様子見,21.96835631340378,0.009841781567018903,0.05435155505988857,1.2282543395639591,124.8
20260425_TOKYO_03,3歳未勝利 【波乱B:ヒモ荒れ】,8,6,モメンタムシフト,小林脩,1,軸,軸,軸,軸,46.21431080666039,0.13107155403330195,0.3961626569309051,15.178085957056366,115.8
20260425_TOKYO_03,3歳未勝利 【波乱B:ヒモ荒れ】,4,4,コスモラムパック,木幡巧,2,対抗,対抗,対抗,対抗,46.03808602692237,0.13019043013461185,0.43073012908651936,1.5102089895614974,11.6
20260425_TOKYO_03,3歳未勝利 【波乱B:ヒモ荒れ】,6,5,アイアムジャイアン,△長浜,3,穴,穴,穴,穴,45.92595485617503,0.12962977428087516,0.4053446031040967,0.37592634541453795,2.9
20260425_TOKYO_03,3歳未勝利 【波乱B:ヒモ荒れ】,3,3,ウインエンブレム,▲佐藤,4,連下,連下,連下,連下,45.86421627166837,0.12932108135834183,0.42945572172032953,5.340960660099517,41.3
20260425_TOKYO_03,3歳未勝利 【波乱B:ヒモ荒れ】,11,7,モデレートゲイル,吉田豊,5,連下,連下,連下,連下,42.12383755121252,0.1106191877560626,0.28998857613040957,0.2876098881657628,2.6
20260425_TOKYO_03,3歳未勝利 【波乱B:ヒモ荒れ】,1,1,ウェイヴムーン,池添,6,様子見,様子見,様子見,様子見,40.11745069276432,0.10058725346382162,0.26819803786562857,1.0662248867165092,10.6
20260425_TOKYO_03,3歳未勝利 【波乱B:ヒモ荒れ】,5,4,キタイノホシ,石橋脩,7,様子見,様子見,様子見,様子見,31.80725492786194,0.059036274639309695,0.13915844373597192,2.7628976531196936,46.8
20260425_TOKYO_03,3歳未勝利 【波乱B:ヒモ荒れ】,9,6,テンレディーゴー,佐々木,8,様子見,様子見,様子見,様子見,31.079288347204724,0.05539644173602362,0.13125838191871353,1.3627524667061812,24.6
20260425_TOKYO_03,3歳未勝利 【波乱B:ヒモ荒れ】,2,2,オーキッドワン,柴田大,9,様子見,様子見,様子見,様子見,28.57447897108728,0.04287239485543642,0.07586470078632797,3.9056751713302575,91.1
20260425_TOKYO_03,3歳未勝利 【波乱B:ヒモ荒れ】,10,7,チャリティチャリス,◇永島,10,様子見,様子見,様子見,様子見,27.901184606643927,0.039505923033219634,0.14946832390970452,2.4098613050263977,61.0
20260425_TOKYO_03,3歳未勝利 【波乱B:ヒモ荒れ】,7,5,ネイティヴプライド,ディー,11,様子見,様子見,様子見,様子見,26.37922369215278,0.03189611846076391,0.14369516321173206,0.39870148075954887,12.5
20260425_TOKYO_03,3歳未勝利 【波乱B:ヒモ荒れ】,13,8,グランフィエスタ,矢野貴,12,様子見,様子見,様子見,様子見,23.99075814158827,0.01995379070794135,0.21564051066896092,0.9517958167688024,47.7
20260425_TOKYO_03,3歳未勝利 【波乱B:ヒモ荒れ】,12,8,アーティキュレート,岩田康,13,様子見,様子見,様子見,様子見,23.983955108058055,0.01991977554029028,0.16798714239521767,0.1713100696464964,8.6
20260425_TOKYO_04,3歳未勝利 【見送りC:大混戦】,12,7,シニャンガ,ルメール,1,軸,軸,軸,軸,41.628297332703085,0.10814148666351543,0.6722759750104284,0.16221222999527316,1.5
20260425_TOKYO_04,3歳未勝利 【見送りC:大混戦】,8,5,インサラータ,池添,2,対抗,対抗,対抗,対抗,38.10135632861988,0.0905067816430994,0.3961626569309051,7.077630324490373,78.2
20260425_TOKYO_04,3歳未勝利 【見送りC:大混戦】,6,4,ミライヘノティアラ,北村宏,3,穴,穴,穴,穴,37.9022424229479,0.0895112121147395,0.4053446031040967,2.246731424079962,25.1
20260425_TOKYO_04,3歳未勝利 【見送りC:大混戦】,2,2,ベカリーナ,田辺,4,連下,連下,連下,連下,37.876037357807164,0.08938018678903581,0.42874884705810906,3.0121122947905072,33.7
20260425_TOKYO_04,3歳未勝利 【見送りC:大混戦】,15,8,ルージュラベル,三浦,5,連下,連下,連下,連下,37.860592671396674,0.08930296335698336,0.4001847873984111,0.5715389654846935,6.4
20260425_TOKYO_04,3歳未勝利 【見送りC:大混戦】,7,4,アンジェラス,津村,6,様子見,様子見,様子見,様子見,37.85434854971278,0.08927174274856389,0.45380169327805153,2.8120598965797625,31.5
20260425_TOKYO_04,3歳未勝利 【見送りC:大混戦】,1,1,カンティーナ,大野,7,様子見,様子見,様子見,様子見,37.37883323746128,0.08689416618730642,0.4231213277650176,1.5467161581340543,17.8
20260425_TOKYO_04,3歳未勝利 【見送りC:大混戦】,5,3,フレキシブル,岩田康,8,様子見,様子見,様子見,様子見,36.12628626471425,0.08063143132357127,0.36042280623333156,2.7253423787367086,33.8
20260425_TOKYO_04,3歳未勝利 【見送りC:大混戦】,10,6,ビップジョワ,横山武,9,様子見,様子見,様子見,様子見,35.518107325629344,0.07759053662814672,0.23439200009017072,1.699232752156413,21.9
20260425_TOKYO_04,3歳未勝利 【見送りC:大混戦】,13,7,ピースフルマインド,戸崎圭,10,様子見,様子見,様子見,様子見,33.79934233159611,0.06899671165798056,0.25280191132854585,0.5105756662690561,7.4
20260425_TOKYO_04,3歳未勝利 【見送りC:大混戦】,9,5,アルケミラモリス,吉田豊,11,様子見,様子見,様子見,様子見,31.02030366197618,0.055101518309880894,0.28115903114569946,4.5513854123961615,82.6
20260425_TOKYO_04,3歳未勝利 【見送りC:大混戦】,3,2,ビオトープ,矢野貴,12,様子見,様子見,様子見,様子見,26.88492354747597,0.03442461773737986,0.09347588109586231,6.760994923621405,196.4
20260425_TOKYO_04,3歳未勝利 【見送りC:大混戦】,11,6,シラカワゴウ,原田和,13,様子見,様子見,様子見,様子見,24.3184340467944,0.021592170233972013,0.05348736601848698,5.203713026387255,241.0
20260425_TOKYO_04,3歳未勝利 【見送りC:大混戦】,14,8,ミスデルマー,◇永島,14,様子見,様子見,様子見,様子見,22.50266371342662,0.012513318567133107,0.17000705093238463,5.641004010063605,450.8
20260425_TOKYO_04,3歳未勝利 【見送りC:大混戦】,4,3,カフェオリーブ,△長浜,15,様子見,様子見,様子見,様子見,21.228231207738364,0.0061411560386918215,0.031659013840530645,2.086764821947481,339.8
20260425_TOKYO_05,3歳未勝利 【見送りC:大混戦】,6,3,グランマエストロ,ルメール,1,軸,軸,軸,軸,35.5992522566024,0.077996261283012,0.7535562563757475,0.1871910270792288,2.4
20260425_TOKYO_05,3歳未勝利 【見送りC:大混戦】,3,2,リラ,佐々木,2,対抗,対抗,対抗,対抗,33.460013129175074,0.06730006564587537,0.37844664734058947,0.44418043326277745,6.6
20260425_TOKYO_05,3歳未勝利 【見送りC:大混戦】,14,7,ミスティユニバンス,ディー,3,穴,穴,穴,穴,33.39325373382356,0.06696626866911781,0.41320434639668435,1.0848535524397085,16.2
20260425_TOKYO_05,3歳未勝利 【見送りC:大混戦】,11,6,ダノンケリー,横山武,4,連下,連下,連下,連下,33.138701090424725,0.06569350545212363,0.39330105070565097,0.3744529810771047,5.7
20260425_TOKYO_05,3歳未勝利 【見送りC:大混戦】,4,2,スターリットフレア,杉原,5,連下,連下,連下,連下,33.047244298247676,0.0652362214912384,0.43073012908651936,1.0503031660089381,16.1
20260425_TOKYO_05,3歳未勝利 【見送りC:大混戦】,7,4,ベリバジャ,矢野貴,6,様子見,様子見,様子見,様子見,32.991057266041224,0.06495528633020614,0.4041861299690563,6.709881077910294,103.3
20260425_TOKYO_05,3歳未勝利 【見送りC:大混戦】,1,1,シエラモレーナ,木幡巧,7,様子見,様子見,様子見,様子見,32.68585070000648,0.06342925350003241,0.39590694734423604,13.370886637806832,210.8
20260425_TOKYO_05,3歳未勝利 【見送りC:大混戦】,17,8,アドマイヤパープル,津村,8,様子見,様子見,様子見,様子見,32.42682156967108,0.062134107848355366,0.36167826870763453,1.4974319991453644,24.1
20260425_TOKYO_05,3歳未勝利 【見送りC:大混戦】,5,3,ルージュアストレア,戸崎圭,9,様子見,様子見,様子見,様子見,32.41402115454176,0.06207010577270877,0.4074445212541118,0.6641501317679839,10.7
20260425_TOKYO_05,3歳未勝利 【見送りC:大混戦】,12,6,ニシノマーレ,▲佐藤,10,様子見,様子見,様子見,様子見,32.36749540428561,0.061837477021428056,0.38880966930033206,1.106890838683562,17.9
20260425_TOKYO_05,3歳未勝利 【見送りC:大混戦】,9,5,アリアス,三浦,11,様子見,様子見,様子見,様子見,31.522860482217382,0.057614302411086914,0.26832177440095856,0.8354073849607603,14.5
20260425_TOKYO_05,3歳未勝利 【見送りC:大混戦】,2,1,カズノダイジョウ,横山典,12,様子見,様子見,様子見,様子見,31.460686966354277,0.05730343483177139,0.32536460538743817,1.5529230839410046,27.1
20260425_TOKYO_05,3歳未勝利 【見送りC:大混戦】,15,8,ジュニートワン,岩田康,13,様子見,様子見,様子見,様子見,30.434819517016088,0.05217409758508044,0.25764638449872657,1.6904407617566062,32.4
20260425_TOKYO_05,3歳未勝利 【見送りC:大混戦】,13,7,ジューンレトリバー,横山和,14,様子見,様子見,様子見,様子見,29.947311750057203,0.04973655875028602,0.2692868156577701,1.9596204147612692,39.4
20260425_TOKYO_05,3歳未勝利 【見送りC:大混戦】,16,8,ジーティートゥーリ,◇永島,15,様子見,様子見,様子見,様子見,27.10152939719546,0.035507646985977304,0.22471887251141986,4.5804864611910725,129.0
20260425_TOKYO_05,3歳未勝利 【見送りC:大混戦】,10,5,ノブピースオブラブ,田辺,16,様子見,様子見,様子見,様子見,26.85850095758243,0.03429250478791215,0.08750084724890964,5.929174077830011,172.9
20260425_TOKYO_05,3歳未勝利 【見送りC:大混戦】,18,8,アルマサーガ,△長浜,17,様子見,様子見,様子見,様子見,26.3843884233374,0.03192194211668698,0.15410708936296305,14.942661104821177,468.1
20260425_TOKYO_05,3歳未勝利 【見送りC:大混戦】,8,4,ハネマン,原田和,18,様子見,様子見,様子見,様子見,24.766191903420165,0.02383095951710082,0.09169262486814744,5.998252510454276,251.7
20260425_TOKYO_06,3歳1勝クラス 【見送りC:大混戦】,8,4,ザーフィル,レーン,1,軸,軸,軸,軸,38.788259494837504,0.09394129747418754,0.5042032082097012,0.25364150318030637,2.7
20260425_TOKYO_06,3歳1勝クラス 【見送りC:大混戦】,10,5,ビービークローサー,坂井,2,対抗,対抗,対抗,対抗,37.91311322983593,0.08956556614917963,0.4736836668382483,0.2149573587580311,2.4
20260425_TOKYO_06,3歳1勝クラス 【見送りC:大混戦】,9,5,フクシマプリルハム,田辺,3,穴,穴,穴,穴,37.5423018578754,0.08771150928937699,0.39593312168951394,3.938246767093027,44.9
20260425_TOKYO_06,3歳1勝クラス 【見送りC:大混戦】,12,6,シビックアスコット,岩田康,4,連下,連下,連下,連下,37.5285813485105,0.0876429067425525,0.4022647956089932,12.664400024298835,144.5
20260425_TOKYO_06,3歳1勝クラス 【見送りC:大混戦】,3,2,ヴォーカライズ,矢野貴,5,連下,連下,連下,連下,36.33686955300048,0.08168434776500241,0.36507142549825783,0.5146113909195151,6.3
20260425_TOKYO_06,3歳1勝クラス 【見送りC:大混戦】,5,3,ステラデルークス,横山武,6,様子見,様子見,様子見,様子見,35.993046706867744,0.07996523353433871,0.38726414492369143,1.5113429137990015,18.9
20260425_TOKYO_06,3歳1勝クラス 【見送りC:大混戦】,16,8,テイクオンミー,津村,7,様子見,様子見,様子見,様子見,35.30317888287989,0.07651589441439946,0.27086441419727586,3.848749489044293,50.3
20260425_TOKYO_06,3歳1勝クラス 【見送りC:大混戦】,13,7,リアライズタキオン,ディー,8,様子見,様子見,様子見,様子見,34.952825719770594,0.07476412859885297,0.3590958805989914,2.4746926566220333,33.1
20260425_TOKYO_06,3歳1勝クラス 【見送りC:大混戦】,2,1,ホウオウルクソール,横山和,9,様子見,様子見,様子見,様子見,34.80903758940887,0.07404518794704433,0.34944115809664417,1.9918155557754924,26.9
20260425_TOKYO_06,3歳1勝クラス 【見送りC:大混戦】,11,6,タケルムサシ,佐々木,10,様子見,様子見,様子見,様子見,30.23095568123705,0.05115477840618525,0.2267902229176487,2.2405792941909137,43.8
20260425_TOKYO_06,3歳1勝クラス 【見送りC:大混戦】,6,3,キーンセンス,北村友,11,様子見,様子見,様子見,様子見,29.2395454206776,0.04619772710338801,0.1642926558724485,1.8617684022665366,40.3
20260425_TOKYO_06,3歳1勝クラス 【見送りC:大混戦】,7,4,ジーティーブラック,三浦,12,様子見,様子見,様子見,様子見,28.911234315852955,0.044556171579264774,0.273943746498828,1.8847260578028997,42.3
20260425_TOKYO_06,3歳1勝クラス 【見送りC:大混戦】,14,7,サマーマッドネス,武豊,13,様子見,様子見,様子見,様子見,28.215809888232556,0.04107904944116279,0.17114304660972185,1.1091343349113953,27.0
20260425_TOKYO_06,3歳1勝クラス 【見送りC:大混戦】,4,2,タイセイエキサイト,△長浜,14,様子見,様子見,様子見,様子見,26.053718504472624,0.03026859252236312,0.10681523611301452,18.03705428407618,595.9
20260425_TOKYO_06,3歳1勝クラス 【見送りC:大混戦】,15,8,ヴェネチアンキング,大野,15,様子見,様子見,様子見,様子見,25.287223583029977,0.026436117915149892,0.1752026548300948,4.087023829682173,154.6
20260425_TOKYO_06,3歳1勝クラス 【見送りC:大混戦】,1,1,セントゴーデンス,木幡巧,16,様子見,様子見,様子見,様子見,22.89429822351034,0.014471491117551697,0.06767741927777299,1.7626276181177967,121.8
20260425_TOKYO_07,4歳以上1勝クラス 【見送りC:大混戦】,7,4,キャットテイル,ルメール,1,軸,軸,軸,軸,38.30030138461122,0.0915015069230561,0.4113235172545296,0.38430632907683565,4.2
20260425_TOKYO_07,4歳以上1勝クラス 【見送りC:大混戦】,8,4,マオノクラッシュ,△長浜,2,対抗,対抗,対抗,対抗,37.220209393943755,0.08610104696971876,0.4300813997262167,1.9114432427277566,22.2
20260425_TOKYO_07,4歳以上1勝クラス 【見送りC:大混戦】,16,8,クラリネットソナタ,レーン,3,穴,穴,穴,穴,36.79295939972633,0.08396479699863164,0.46868755203084045,0.2602908706957581,3.1
20260425_TOKYO_07,4歳以上1勝クラス 【見送りC:大混戦】,13,7,ハネル,江田照,4,連下,連下,連下,連下,36.55908622097965,0.08279543110489827,0.4022647956089932,8.710079352235299,105.2
20260425_TOKYO_07,4歳以上1勝クラス 【見送りC:大混戦】,3,2,ピラニアキッス,横山和,5,連下,連下,連下,連下,36.17895180759372,0.08089475903796858,0.5810352054445617,1.3994793313568565,17.3
20260425_TOKYO_07,4歳以上1勝クラス 【見送りC:大混戦】,14,7,パッションディーバ,津村,6,様子見,様子見,様子見,様子見,35.01152433639893,0.07505762168199465,0.31495396925747826,3.602765840735743,48.0
20260425_TOKYO_07,4歳以上1勝クラス 【見送りC:大混戦】,9,5,エイミームーン,佐々木,7,様子見,様子見,様子見,様子見,34.63186343649048,0.0731593171824524,0.30805060462060424,1.8509307247160458,25.3
20260425_TOKYO_07,4歳以上1勝クラス 【見送りC:大混戦】,5,3,メルシージュテーム,横山武,8,様子見,様子見,様子見,様子見,34.30492780946236,0.07152463904731181,0.3095846055387413,1.1300892969475267,15.8
20260425_TOKYO_07,4歳以上1勝クラス 【見送りC:大混戦】,4,2,コルヴィル,木幡巧,9,様子見,様子見,様子見,様子見,32.83288187085361,0.06416440935426808,0.338030218558337,1.1870415730539594,18.5
20260425_TOKYO_07,4歳以上1勝クラス 【見送りC:大混戦】,6,3,ブルージュ,岩田康,10,様子見,様子見,様子見,様子見,32.2316334714896,0.06115816735744801,0.2663978185528195,0.6360449405174593,10.4
20260425_TOKYO_07,4歳以上1勝クラス 【見送りC:大混戦】,2,1,レインボーラッキー,北村友,11,様子見,様子見,様子見,様子見,31.730762441121414,0.058653812205607066,0.15631761682039091,3.214228908867267,54.8
20260425_TOKYO_07,4歳以上1勝クラス 【見送りC:大混戦】,10,5,ケープウィッカム,三浦,12,様子見,様子見,様子見,様子見,30.182618595243135,0.050913092976215685,0.2261890739383045,0.44294390889307644,8.7
20260425_TOKYO_07,4歳以上1勝クラス 【見送りC:大混戦】,15,8,ベリーベリーベリー,▲佐藤,13,様子見,様子見,様子見,様子見,28.33551237480718,0.04167756187403591,0.17226502911243205,5.001307424884309,120.0
20260425_TOKYO_07,4歳以上1勝クラス 【見送りC:大混戦】,12,6,ミサビスケッツ,ディー,14,様子見,様子見,様子見,様子見,26.936464352784174,0.03468232176392087,0.17915997886183652,0.4092513968142663,11.8
20260425_TOKYO_07,4歳以上1勝クラス 【見送りC:大混戦】,1,1,ザローズハーツ,矢野貴,15,様子見,様子見,様子見,様子見,25.90733651559116,0.029536682577955806,0.1287887449001578,0.8329344486983538,28.2
20260425_TOKYO_07,4歳以上1勝クラス 【見送りC:大混戦】,11,6,ラルガメンテ,坂井,16,様子見,様子見,様子見,様子見,22.842966588903288,0.014214832944516441,0.07686988561554099,0.3297841243127814,23.2
20260425_TOKYO_08,4歳以上1勝クラス 【波乱B:ヒモ荒れ】,1,1,アセンブリールーム,戸崎圭,1,軸,軸,軸,軸,52.208429583051554,0.16104214791525776,0.5219829916890077,0.3381885106220413,2.1
20260425_TOKYO_08,4歳以上1勝クラス 【波乱B:ヒモ荒れ】,3,3,スタニングヴュー,▲佐藤,2,対抗,対抗,対抗,対抗,49.60315432638441,0.1480157716319221,0.4093584287176043,5.254559892933234,35.5
20260425_TOKYO_08,4歳以上1勝クラス 【波乱B:ヒモ荒れ】,8,8,ナクライト,横山和,3,穴,穴,穴,穴,49.27719187122281,0.14638595935611406,0.42884224531444315,0.7465683927161817,5.1
20260425_TOKYO_08,4歳以上1勝クラス 【波乱B:ヒモ荒れ】,6,6,ツインピークス,佐々木,4,連下,連下,連下,連下,46.41331406943014,0.13206657034715072,0.24120796312368697,1.3734923316103675,10.4
20260425_TOKYO_08,4歳以上1勝クラス 【波乱B:ヒモ荒れ】,4,4,トロピカルティー,津村,5,連下,連下,連下,連下,45.19376720326076,0.1259688360163038,0.31873307851618976,0.6424410636831493,5.1
20260425_TOKYO_08,4歳以上1勝クラス 【波乱B:ヒモ荒れ】,7,7,ソニックライン,岩田康,6,様子見,様子見,様子見,様子見,44.3673967182079,0.12183698359103949,0.2863245971030206,0.8163077900599646,6.7
20260425_TOKYO_08,4歳以上1勝クラス 【波乱B:ヒモ荒れ】,2,2,チャイボーグ,△長浜,7,様子見,様子見,様子見,様子見,42.06446841321305,0.11032234206606527,0.309983432033175,13.172487642688194,119.4
20260425_TOKYO_08,4歳以上1勝クラス 【波乱B:ヒモ荒れ】,5,5,アトリウムチャペル,横山典,8,様子見,様子見,様子見,様子見,30.872277815229356,0.054361389076146786,0.09566780517138414,0.6088475576528439,11.2
20260425_TOKYO_09,石和特別 【波乱B:ヒモ荒れ】,6,6,ダノンミッション,レーン,1,軸,軸,軸,軸,50.23828263799495,0.15119141318997475,0.5202779311421125,0.287263685060952,1.9
20260425_TOKYO_09,石和特別 【波乱B:ヒモ荒れ】,4,4,レベルスルール,横山武,2,対抗,対抗,対抗,対抗,48.26271369482279,0.14131356847411397,0.5132935140341834,0.7630932697602155,5.4
20260425_TOKYO_09,石和特別 【波乱B:ヒモ荒れ】,9,8,ノビリシマビジョン,ルメール,3,穴,穴,穴,穴,47.011820994612414,0.13505910497306206,0.5371594527838306,0.7563309878491475,5.6
20260425_TOKYO_09,石和特別 【波乱B:ヒモ荒れ】,7,7,ビーオンザカバー,戸崎圭,4,連下,連下,連下,連下,45.58152764537748,0.1279076382268874,0.45824195158547,0.5244213167302383,4.1
20260425_TOKYO_09,石和特別 【波乱B:ヒモ荒れ】,1,1,ヤコブセン,岩田康,5,連下,連下,連下,連下,40.62012840800084,0.10310064204000421,0.2968005076235865,6.938673209292284,67.3
20260425_TOKYO_09,石和特別 【波乱B:ヒモ荒れ】,2,2,アルゲンテウス,横山和,6,様子見,様子見,様子見,様子見,40.16014547758188,0.10080072738790939,0.28026667665343225,2.509938111958944,24.9
20260425_TOKYO_09,石和特別 【波乱B:ヒモ荒れ】,5,5,オメガインペリアル,坂井,7,様子見,様子見,様子見,様子見,39.728370215027375,0.09864185107513687,0.19540645869440434,1.5289486916646216,15.5
20260425_TOKYO_09,石和特別 【波乱B:ヒモ荒れ】,3,3,マイネルフォルツァ,矢野貴,8,様子見,様子見,様子見,様子見,34.58819626205347,0.07294098131026738,0.1658732450728955,15.733369668624674,215.7
20260425_TOKYO_09,石和特別 【波乱B:ヒモ荒れ】,8,8,コスモスプモーニ,木幡巧,9,様子見,様子見,様子見,様子見,33.80881466452881,0.06904407332264403,0.21032220639081553,14.126417401812969,204.6
20260425_TOKYO_10,鎌倉S 【見送りC:大混戦】,14,8,ワンダラー,レーン,1,軸,軸,軸,軸,38.51705792098444,0.09258528960492221,0.626903836842675,0.6480970272344555,7.0
20260425_TOKYO_10,鎌倉S 【見送りC:大混戦】,8,5,カネショウレジェン,ルメール,2,対抗,対抗,対抗,対抗,36.8824211483458,0.084412105741729,0.539553985812188,0.8272386362689442,9.8
20260425_TOKYO_10,鎌倉S 【見送りC:大混戦】,5,3,ベンヌ,横山武,3,穴,穴,穴,穴,36.66880336076674,0.08334401680383369,0.4307843771437486,0.5500705109053023,6.6
20260425_TOKYO_10,鎌倉S 【見送りC:大混戦】,10,6,シャバリュ,三浦,4,連下,連下,連下,連下,36.086261785578834,0.08043130892789417,0.39593312168951394,1.7775319273064614,22.1
20260425_TOKYO_10,鎌倉S 【見送りC:大混戦】,15,8,ベイシャケイブ,横山典,5,連下,連下,連下,連下,35.868490971686334,0.07934245485843167,0.4001847873984111,0.523660202065649,6.6
20260425_TOKYO_10,鎌倉S 【見送りC:大混戦】,4,3,メイショウハチロー,川田,6,様子見,様子見,様子見,様子見,34.53652454232365,0.07268262271161825,0.3632466155515486,0.1962430813213693,2.7
20260425_TOKYO_10,鎌倉S 【見送りC:大混戦】,11,6,レーウィン,矢野貴,7,様子見,様子見,様子見,様子見,33.75449206996277,0.06877246034981385,0.3333311275711594,7.29675804311525,106.1
20260425_TOKYO_10,鎌倉S 【見送りC:大混戦】,6,4,トクシーカイザー,武豊,8,様子見,様子見,様子見,様子見,33.664932157640365,0.06832466078820183,0.29175319814120343,0.9770426492712863,14.3
20260425_TOKYO_10,鎌倉S 【見送りC:大混戦】,1,1,ピックアップライン,木幡巧,9,様子見,様子見,様子見,様子見,33.549982026783844,0.06774991013391922,0.24393274610549406,2.947121090825486,43.5
20260425_TOKYO_10,鎌倉S 【見送りC:大混戦】,12,7,フウセツ,大野,10,様子見,様子見,様子見,様子見,33.02558288878981,0.06512791444394908,0.3518107877619305,1.348147828989746,20.7
20260425_TOKYO_10,鎌倉S 【見送りC:大混戦】,13,7,イノセントキャット,田辺,11,様子見,様子見,様子見,様子見,31.271801835011445,0.05635900917505723,0.296332135473383,1.5949599596541195,28.3
20260425_TOKYO_10,鎌倉S 【見送りC:大混戦】,3,2,ラストシャリナ,戸崎圭,12,様子見,様子見,様子見,様子見,30.84474611266183,0.05422373056330916,0.13933207613818033,1.5182644557726566,28.0
20260425_TOKYO_10,鎌倉S 【見送りC:大混戦】,2,2,クインズデネブ,杉原,13,様子見,様子見,様子見,様子見,30.29082942938426,0.05145414714692129,0.24125300085688062,1.1371366519469606,22.1
20260425_TOKYO_10,鎌倉S 【見送りC:大混戦】,9,5,エンセリオ,佐々木,14,様子見,様子見,様子見,様子見,27.791088381805242,0.038955441909026216,0.2542857998002805,3.634542730112146,93.3
20260425_TOKYO_10,鎌倉S 【見送りC:大混戦】,7,4,スプランドゥール,柴田大,15,様子見,様子見,様子見,様子見,27.246985368274608,0.03623492684137304,0.1617930242462876,2.8045833375222737,77.4
20260425_TOKYO_11,青葉賞 【見送りC:大混戦】,3,2,パラディオン,吉田豊,1,軸,軸,軸,軸,34.200335125461265,0.0710016756273063,0.46411054425531884,6.354649968643915,89.5
20260425_TOKYO_11,青葉賞 【見送りC:大混戦】,15,7,ノーブルサヴェージ,レーン,2,対抗,対抗,対抗,対抗,34.18574756693634,0.0709287378346817,0.3788656143013075,0.36882943674034485,5.2
20260425_TOKYO_11,青葉賞 【見送りC:大混戦】,16,8,ゴーイントゥスカイ,武豊,3,穴,穴,穴,穴,33.829567241654686,0.06914783620827344,0.43949394798909286,0.6707340112202523,9.7
20260425_TOKYO_11,青葉賞 【見送りC:大混戦】,5,3,ミッキーファルコン,田辺,4,連下,連下,連下,連下,33.680273614425,0.06840136807212499,0.3901812757918147,1.1559831204189122,16.9
20260425_TOKYO_11,青葉賞 【見送りC:大混戦】,12,6,サガルマータ,横山武,5,連下,連下,連下,連下,33.66213325716951,0.06831066628584755,0.3526753188952032,0.6011338633154585,8.8
20260425_TOKYO_11,青葉賞 【見送りC:大混戦】,7,4,タイダルロック,三浦,6,様子見,様子見,様子見,様子見,33.02881027862216,0.06514405139311079,0.3780712091756072,0.5406956265628196,8.3
20260425_TOKYO_11,青葉賞 【見送りC:大混戦】,13,7,コスモギガンティア,矢野貴,7,様子見,様子見,様子見,様子見,32.85200704120999,0.06426003520604992,0.32055381475943884,6.522393573414067,101.5
20260425_TOKYO_11,青葉賞 【見送りC:大混戦】,2,1,カットソロ,津村,8,様子見,様子見,様子見,様子見,32.48227989740522,0.06241139948702609,0.31378957938947283,1.6726255062522992,26.8
20260425_TOKYO_11,青葉賞 【見送りC:大混戦】,4,2,ブラックオリンピア,川田,9,様子見,様子見,様子見,様子見,32.40956417302235,0.06204782086511177,0.2507837618472553,0.1365052059032459,2.2
20260425_TOKYO_11,青葉賞 【見送りC:大混戦】,14,7,ヨカオウ,岩田康,10,様子見,様子見,様子見,様子見,32.136547493212134,0.06068273746606068,0.25272623497132046,6.76005695371916,111.4
20260425_TOKYO_11,青葉賞 【見送りC:大混戦】,8,4,ラストスマイル,杉原,11,様子見,様子見,様子見,様子見,30.90734480374735,0.05453672401873674,0.21308804910045262,0.9925683771410087,18.2
20260425_TOKYO_11,青葉賞 【見送りC:大混戦】,17,8,シャドウマスター,北村友,12,様子見,様子見,様子見,様子見,30.76530355937578,0.053826517796878894,0.253052514758059,2.0292597209423344,37.7
20260425_TOKYO_11,青葉賞 【見送りC:大混戦】,9,5,ヒシアムルーズ,佐々木,13,様子見,様子見,様子見,様子見,30.310612133882273,0.05155306066941136,0.27013765201339324,8.274266237440523,160.5
20260425_TOKYO_11,青葉賞 【見送りC:大混戦】,1,1,トゥーナスタディ,菅原辰,14,様子見,様子見,様子見,様子見,30.251533690629895,0.051257668453149476,0.18625773925639535,51.25254268630416,999.9
20260425_TOKYO_11,青葉賞 【見送りC:大混戦】,10,5,アッカン,池添,15,様子見,様子見,様子見,様子見,29.419666156659055,0.04709833078329526,0.17552059360515362,1.4977269189087894,31.8
20260425_TOKYO_11,青葉賞 【見送りC:大混戦】,11,6,ノチェセラーダ,ディー,16,様子見,様子見,様子見,様子見,26.61883303992882,0.0330941651996441,0.10705220680572813,1.1152733672280064,33.7
20260425_TOKYO_11,青葉賞 【見送りC:大混戦】,6,3,テルヒコウ,坂井,17,様子見,様子見,様子見,様子見,25.00986796898913,0.025049339844945655,0.12300345454960807,0.4433733152555381,17.7
20260425_TOKYO_11,青葉賞 【見送りC:大混戦】,18,8,ケントン,木幡巧,18,様子見,様子見,様子見,様子見,24.249572957669074,0.02124786478834537,0.08731285465624489,2.4902497531940773,117.2
20260425_TOKYO_12,4歳以上2勝クラス 【見送りC:大混戦】,5,4,タマモカンパネラ,横山武,1,軸,軸,軸,軸,43.443570756550145,0.11721785378275074,0.609876971883411,1.1956221085840575,10.2
20260425_TOKYO_12,4歳以上2勝クラス 【見送りC:大混戦】,2,2,ホウキボシ,レーン,2,対抗,対抗,対抗,対抗,43.35644647680306,0.11678223238401526,0.6041470647696017,0.7474062872576978,6.4
20260425_TOKYO_12,4歳以上2勝クラス 【見送りC:大混戦】,3,3,ディーズゴールド,ルメール,3,穴,穴,穴,穴,41.14392649354464,0.10571963246772322,0.6189298351648744,0.44402245636443755,4.2
20260425_TOKYO_12,4歳以上2勝クラス 【見送りC:大混戦】,12,8,クレイヴィオンナー,岩田康,4,連下,連下,連下,連下,40.26362609121427,0.10131813045607135,0.4022647956089932,8.824809162723815,87.1
20260425_TOKYO_12,4歳以上2勝クラス 【見送りC:大混戦】,13,8,コーカサスゴールド,武豊,5,連下,連下,連下,連下,39.921102077338425,0.09960551038669213,0.41060748522271,0.2689348780440688,2.7
20260425_TOKYO_12,4歳以上2勝クラス 【見送りC:大混戦】,11,7,ピコニ,木幡巧,6,様子見,様子見,様子見,様子見,39.174724939129646,0.09587362469564825,0.40025897626113294,3.6048482885563744,37.6
20260425_TOKYO_12,4歳以上2勝クラス 【見送りC:大混戦】,4,4,キョウエイフロイデ,川田,7,様子見,様子見,様子見,様子見,37.120908468144584,0.08560454234072291,0.41094752258672096,0.45370407440583144,5.3
20260425_TOKYO_12,4歳以上2勝クラス 【見送りC:大混戦】,7,5,バロンドール,横山典,8,様子見,様子見,様子見,様子見,32.50813260125118,0.0625406630062559,0.3119668627408594,1.601040972960151,25.6
20260425_TOKYO_12,4歳以上2勝クラス 【見送りC:大混戦】,1,1,エーデル,北村友,9,様子見,様子見,様子見,様子見,32.41174071996791,0.06205870359983953,0.19976497763331155,4.4371973073885265,71.5
20260425_TOKYO_12,4歳以上2勝クラス 【見送りC:大混戦】,10,7,テンクウジョー,佐々木,10,様子見,様子見,様子見,様子見,30.05106683558108,0.0502553341779054,0.12091734300850897,6.111048636033296,121.6
20260425_TOKYO_12,4歳以上2勝クラス 【見送りC:大混戦】,9,6,スーパージョック,三浦,11,様子見,様子見,様子見,様子見,29.49509761875209,0.047475488093760454,0.17055059823805357,1.334061215434669,28.1
20260425_TOKYO_12,4歳以上2勝クラス 【見送りC:大混戦】,8,6,バルダンツァ,◇永島,12,様子見,様子見,様子見,様子見,27.57549673367071,0.037877483668353557,0.13060918369470548,0.575737751758974,15.2
20260425_TOKYO_12,4歳以上2勝クラス 【見送りC:大混戦】,6,5,アースイオス,小林凌,13,様子見,様子見,様子見,様子見,23.53416018805225,0.017670800940261255,0.03798200213584289,8.443108689256828,477.8
